id,pm2_5
id_tl446ky5so,11.76405000909412
id_fv0k1xke9b,12.836186908007956
id_17qgwq8hor,9.801076724512892
id_h169vb8h8d,11.883006326337958
id_o62drksqmp,11.442348405495016
id_uvitqz5bhf,10.605525313752084
id_x1v4xuet0h,15.196643140509162
id_jr4seoen2w,13.677226974677556
id_q1efjaqgq0,9.567826467268272
id_ji3o8np61b,13.026630378120188
id_vp8mci8xh0,9.409069570967366
id_x5f7i7wjcu,13.670201052501387
id_eej779rshs,17.315027145469788
id_l9g1xrh5vp,15.98059832275027
id_9qz231bbzd,11.73826396793565
id_3jf3q7rnyi,13.861396451022769
id_y2oiminmvu,19.03700154701979
id_kj1d4jsmhg,12.968178869991158
id_b9dbh7l628,14.847860924176805
id_qkxd74j593,22.24955061874394
id_f9aer27ojz,19.87051015615018
id_5cdrvce6lw,26.386207148877705
id_05y9wpsdwc,22.832603025372634
id_4rxcuqqsqp,26.073632691677258
id_07eag0levd,15.369427933606495
id_vxesong654,15.265862962850486
id_14j7bt588k,22.186127260541372
id_kmohqwxbue,12.15101983786026
id_dswkvfgg96,15.376317460257225
id_72kefc7g3s,12.544538549842107
id_fsdqdwkhec,12.480126650716446
id_yaf7kh6asz,18.839062018307818
id_d3xd7t76g8,22.829775069603794
id_ekxnkkalys,13.997640719470098
id_foo1qhnhh4,12.163652949460975
id_4gaub27eaz,14.738082663395641
id_u8ysh8pwg1,14.170601439397156
id_zwxals7wca,14.880604706096562
id_qs4s1l5v79,14.74297845751579
id_k5fj3oay3x,14.284625661042165
id_3bwp89pu3m,14.041167354666984
id_e9eglkp5vv,11.967309052796814
id_t4qjrlzxns,15.26761374000431
id_kn8xo43og2,13.65168694793877
id_48859izqh3,13.807855363224302
id_9967xanbmk,11.971494824062166
id_eh3ys96anu,15.808634687926217
id_5bgqsh9x4k,16.812869202709564
id_jwouft46is,18.0962498405008
id_3ck9tvimgh,12.87058347693706
id_n6s7duali8,12.828045099250197
id_6kgl1almmg,17.424872179233127
id_gxefptsqvq,23.252730093330488
id_ygnr1sn381,19.45721185011262
id_v3y11kgwad,18.827148319713668
id_q2fgzp3xx3,15.18062120201296
id_s7k292eya7,16.920274380682013
id_jt2rysim4p,21.581193623201344
id_yn9vzuflej,30.33363166969419
id_362cko5nwx,15.396680626222679
id_d9dv3lr4k1,16.450698036808614
id_10un4lyvek,14.984556171735658
id_txhxlogsxn,19.40794764923305
id_z0j05634v8,23.053580908218624
id_18c3488pxk,23.631066896769376
id_la1ypixght,21.408116937822065
id_t9njgxp6v6,22.024033874231193
id_b8yn1i9rx8,16.27304928858263
id_o2y4vg1agv,31.2669181050247
id_fvx3zhir92,25.058509386086232
id_nfj7rfs9a1,19.904211242479782
id_b9q3y3r7t3,24.210263965810896
id_yio3jfuvmy,19.772102037458932
id_54qfk101o1,17.21423065375986
id_vox6mwiloh,20.830627771441712
id_u1xceey131,15.116582017800294
id_dxpgh1o1t3,26.555945031550255
id_2ujws46vir,22.515818939334746
id_2n7hyhtkrb,17.386504780541095
id_4779bmeme0,22.442001981885245
id_b3eztfwajg,18.239787180612694
id_f33f3mdfla,18.966428682895902
id_xkpq6na5ee,21.46484305920591
id_3ihace1d7c,23.03986980686872
id_z6wylocn17,21.077877156069345
id_pm68i3c3wd,20.644247087485205
id_trjqjao4jd,15.275472168944628
id_1w15d7g4ge,17.570221246417752
id_3aici5cdi6,24.633904265769807
id_kbloxrog5z,17.331553949636806
id_ovmpiycff0,17.203177686502688
id_ly3xdcti5t,17.51285903815888
id_qb0ptrppyi,18.36527843940092
id_wxb5nd3qgd,15.1840788082578
id_1ry1ir7o6d,18.605702749666175
id_6wbo7y25e7,15.064035577338588
id_tse3bpfaes,16.567369916428724
id_9n988uuhtq,12.73272020017594
id_nzhdqdkc5b,16.447122051599095
id_4gabr5bciq,17.12490823759385
id_dc61oe5crn,22.11460487793304
id_7lbdu1bryj,18.348159347884284
id_mhqk3070i7,16.94295794070202
id_thtyylis4v,18.181898658089747
id_5iiheoohcw,18.302118584236315
id_vjiqa7ykcq,15.846560412391046
id_638vs5aq61,14.870834032001373
id_6cjnt5825x,16.919649307720146
id_534km866kg,17.404496971217327
id_fzkvzetszz,14.91075225417118
id_uwuc9e0lop,13.724151005545238
id_ncfz0o03wc,13.813685095661947
id_1sd88o70w0,16.092915095484607
id_9q3xoxtkc5,15.43110511122004
id_9xf47hwalo,13.95836344302154
id_c9e6k7t8xv,15.941749755616241
id_60hy4zghxo,13.811106399774008
id_vcj2pr28k2,11.423891049546791
id_nik15zq29r,11.766845760547229
id_gbsfx2i90n,10.961745562759202
id_sm9wfzdrfb,10.460945938177314
id_wa0hhql9xd,11.112005448061483
id_xyicbz69wn,10.610971665472452
id_fzfp1gfiyc,12.060206235294157
id_6jd6rh3joo,8.425615270451086
id_hohuu1719a,8.74119247140776
id_45rgo61j3e,11.34460370579831
id_x29n2ig0by,10.021844982382532
id_6pqpt4bc2y,11.497944519089788
id_kix768jdnh,11.334241552594523
id_p4u0awuwyi,11.4928983456878
id_5pkc8dc3pp,10.449464011172607
id_o8g3g3fyi1,10.80278168974051
id_gwi1towzf6,12.156358792968254
id_vuv2g91m7z,12.072848928541287
id_v6ovtq73uh,17.31514440753443
id_dha8u73072,27.00323498580752
id_ty03p4f7jh,26.475836756322398
id_x8pk6xpjba,22.10088360069802
id_rjgh33lh9s,19.205105480637993
id_lbljktjgzg,11.76405000909412
id_ph7h4vs00p,13.57939565852084
id_8k0yeqq8re,10.112052930045136
id_0z3pcoyibd,11.799264729549519
id_22067fyb6o,11.442348405495016
id_fcxnbnpbtq,10.568735998017939
id_058r7cipy5,15.221597692431482
id_58g26ly3b3,13.31991692675157
id_hfta2jdk0t,9.567826467268272
id_l0z16v7e6t,13.201384129279651
id_z696ot1p1u,9.409069570967366
id_ok22kq81e3,12.310126830715195
id_8c4sb9ee7u,16.957717097543803
id_j83bo3ks17,15.98059832275027
id_8vcb1z1tah,11.73826396793565
id_cfy6d3jhx7,13.861396451022769
id_krv1ca6cfb,16.54853041385377
id_3d0miob1p5,12.968178869991158
id_iib9ayuluh,14.847860924176805
id_t5k9sx5xqf,16.664078719137315
id_zkw0mo1z9v,24.05582898677369
id_ig9ksmea4f,27.02606012187568
id_p70jdvpgtu,23.79797952058051
id_m0gtw6nh7p,22.832603025372634
id_hyf3spl0wf,26.073632691677258
id_7d9vzan37b,15.369427933606495
id_1ma4lggm82,19.3713603078418
id_pym8ooemqb,17.65857967201002
id_f63m71zrb3,12.899640454110672
id_o0xatx0hcr,15.316069699049788
id_96xc5f8bgh,12.555802845119779
id_dih5frts8q,15.336471753456841
id_0t0yv19f1q,16.559291181322028
id_trmmfm32qe,14.637344556590502
id_hu3sq815oq,17.01960709263373
id_cxfmqit9ap,15.487547929104002
id_7izfmpd326,16.385846951067705
id_qd0tkswd2a,14.161641201900126
id_otlb3hargz,14.536003329348272
id_st47fowvrj,17.742460665237456
id_4h4pdth392,15.433823144257222
id_g8trb7wy8n,12.38131253450065
id_1wx11gvom9,12.795994528394806
id_rvq5ol3w4x,12.881799925740635
id_7sttnrbjre,16.532639198406123
id_pip7eoyzmk,11.960538282888397
id_lb56ukrqt0,13.243775566017625
id_0hyearkq6o,12.544538549842107
id_mr6v3oygt6,12.45467840912333
id_yzbu3830gx,17.299695833442257
id_94p4j6yomt,20.71337536327471
id_53xsefo8ab,13.997640719470098
id_ymuv4r55o4,12.163652949460975
id_nqkiglgq9k,14.738082663395641
id_q6e19plrfx,14.170601439397156
id_poxowfpijt,14.880604706096562
id_qgt2oyneg3,14.74297845751579
id_kr9teempq0,13.948176983545016
id_q43rzgs3e5,13.986762242327138
id_uk0j14fgpq,13.323539886256333
id_h45ejiaqqh,15.26761374000431
id_u08b48hrcu,11.063871961327674
id_jdgiv3t50o,13.807855363224302
id_8h5gfrz1ja,14.306438038529382
id_mslk5ay6w0,15.430385337922315
id_y3hecd28lq,16.441754793402843
id_9cmmjowuen,18.697294967571402
id_3clagfxagj,13.216952730875596
id_8sttc3ns1m,12.356946659436442
id_uv4kyh58kt,17.35496808495052
id_zmu5hapnm7,23.252730093330488
id_ybt3e2qbt8,19.45721185011262
id_yvdig97vvd,18.827148319713668
id_wbsyjlsxkt,15.01486743720972
id_39gbv940fx,21.39753931644532
id_78sb1wtf1t,22.568478060240786
id_o191u62lgc,30.33363166969419
id_na0qbpl8m9,15.396680626222679
id_daa5h53t2o,16.450698036808614
id_z1zg8tcsm5,17.588358178477026
id_qltsdtf4pb,21.019584996536267
id_dkvf88hlsn,23.053580908218624
id_rcnbilmlv3,23.36133740404114
id_rjcx3o5cyf,23.639762430416102
id_dcvlcfgert,22.024033874231193
id_jujywo4op0,16.984945811344968
id_dgbg639yj9,30.156152793763127
id_rifhty9d4h,24.08460054745245
id_4cz74rv8a0,24.15024040513069
id_rjuh3wooi0,21.777683413748818
id_26raoqfw3b,18.29318394788711
id_yleyy5sp4g,22.977446957807143
id_7lq42pqlpp,22.158872434000042
id_fs6ppj71si,19.95391052250345
id_0kq8v62wnx,19.759656523231065
id_qrf9ul8pfd,22.968205328305753
id_7k9rf681ac,25.103380230601587
id_0urpsxojw7,24.806888865556267
id_oj7le10r8n,19.868433405530148
id_8w44b89inq,20.11564199072537
id_jooksgf7r5,18.897986620194676
id_zjwzzwzjvp,26.154013927193738
id_hit20lvy91,19.521914902040642
id_yjzrxrwvr1,20.610771208900193
id_ba1airy6ru,18.881636284228403
id_fatkzdj52m,19.904211242479782
id_h6j3ijc59m,24.210263965810896
id_r29rhi7ayb,19.772102037458932
id_n2328yoyny,17.21423065375986
id_2i3htqk8wu,21.146848948030875
id_y8t6iz10zy,15.116582017800294
id_j2xlsmt1az,28.2781770694837
id_zul4loljtn,23.46423590505456
id_5lfy1u1m5t,20.57148282673271
id_4r448lp054,22.442001981885245
id_ks3yurf69t,18.595394360484985
id_xlx05ev9ep,19.797493560695234
id_ybqhvfmvb4,22.410487052128392
id_osbg0v4o7k,20.067814512428225
id_34amm2jgt1,21.077877156069345
id_651jn1ycqz,22.54208828164438
id_bjh20jwc0s,16.226092848901455
id_ev56qyrn6d,17.570221246417752
id_8zf79ts7q8,24.633904265769807
id_fsat380gb4,17.110005616548907
id_5y6h6w77t4,16.32169890232619
id_ux3m69xsv5,19.38246325256532
id_4y4b5x6oqs,18.559862654105377
id_4cmqu4avth,15.1840788082578
id_gd9bm0av1u,17.449435116647518
id_wkp093zyqi,15.354737695919448
id_ubo7o5c61g,16.567369916428724
id_da2q2o7k02,14.39048765789071
id_sfcmtklyr8,16.447122051599095
id_qon3ototf6,20.866256462902047
id_b1pwwzubs1,22.11460487793304
id_idrbyq1iwo,19.760691222488884
id_eo5tner8f9,16.94295794070202
id_dsl16jenz6,18.40827317372226
id_v5frf00iux,19.21875247405874
id_tijwl63sul,16.462199073372556
id_4nertyfo2z,14.817941078578608
id_1h3y0ycsbh,16.956438623454293
id_5ew52k2xfs,21.289409551014828
id_c1hedne5tu,14.91075225417118
id_drxgi1b55w,13.373501441076227
id_b764z0tp5c,13.981309478010989
id_n3ksb769k6,16.092915095484607
id_jvruvalbrm,15.43110511122004
id_qv4ehj6p1w,12.31106861706734
id_jxdgurw8vk,15.941749755616241
id_2ymafuhxw9,13.980787169585088
id_xgqoe9srqb,10.750812984545998
id_swi6t9g6aj,11.766845760547229
id_ttjz1pj6fm,10.961745562759202
id_8xv38j3a4z,11.397953418166027
id_yrqtamezkd,11.112005448061483
id_dzmpo7xtkf,10.610971665472452
id_u98r20l7ih,12.060206235294157
id_15w4tm2lvc,8.425615270451086
id_f2rhz6xl9n,8.820125391873384
id_so3qn2op6b,11.34460370579831
id_j5evcz5irl,10.021844982382532
id_4hfhscd1n7,11.497944519089788
id_akaaqo1io1,11.334241552594523
id_677lexrm68,11.4928983456878
id_4555ud3olu,11.227836241677798
id_b0q1fq9sgn,12.31245827839548
id_riellbxfqz,11.885867992481575
id_x2m1scwodc,24.474268441064353
id_sjwqgvoa6l,17.590442448957845
id_vzxomw7xu0,27.00323498580752
id_i0y6y5f0km,26.475836756322398
id_rshwplefjs,22.652040048472294
id_3b0x2a5kdq,19.205105480637993
id_c1qncxdk14,10.334739365537496
id_fxdpjby57j,14.166523155860057
id_maxuuv6qwy,9.043389447777749
id_hqp1zmq2rl,11.684013798829032
id_5f3qz4huj9,10.763579501207008
id_m6vn47j4ge,10.568735998017939
id_mkyjtq0uj7,12.354412351551696
id_dd1qog5gsu,10.099915294852618
id_yltiy4ct4b,13.854178155217049
id_l7g3rwiyu1,13.201384129279651
id_y0nex8ki95,8.754933107384737
id_trj4ropjy6,12.310126830715195
id_xkfnw0mcvh,13.209932628014403
id_j7zs6cpw42,12.780823108279353
id_o55nqbxkhg,11.409663705666006
id_l3neq81nk8,13.861396451022769
id_ft7ki0jjoc,16.232553274058603
id_1doie955wo,12.968178869991158
id_pap3jy3v7v,12.672794431341313
id_64zbc8ou3g,18.937202371514797
id_1ssvmd37d4,24.523837819819263
id_es0jy27ww2,26.77307909361071
id_ze9u1sfrwl,23.867883614863114
id_3y84kki549,18.665638266085562
id_kjp8dcqhsa,26.27600320709259
id_0rmqw3hqow,15.537052315955538
id_uc46nrbgzu,18.911978503941004
id_zck6gqoy8o,15.74220204314071
id_l2wquc1lyf,12.143066910321176
id_f2ayymfg06,12.742170763783331
id_2xwro4u4ib,17.299695833442257
id_s4gcy5ldea,13.173613191138115
id_llxl5vedjd,14.899653692216852
id_ra9rzjf8cs,12.081557273672765
id_06it7wxay5,14.34677670792192
id_p358wai3ar,13.323539886256333
id_63q6x7rc50,16.8266179246278
id_yrqlregvfr,11.423738481950606
id_6ey2mcbqfl,13.790822981305398
id_xz9gud04ug,12.824375111526898
id_upa56c1xqo,16.905399940876645
id_apci48cec9,16.441754793402843
id_ivaqozbhfz,19.63316250071376
id_5r9lkzxt5l,13.216952730875596
id_q9fyy5hlug,19.402651632977754
id_fia47n8arx,23.639762430416102
id_c8ytbvxreg,23.388125169531353
id_715d169b93,29.512656667083323
id_i41soezu3u,21.777683413748818
id_ghl9lkmkbc,21.96851034974529
id_jhwg78mhs2,20.538363587340235
id_tpecaex89x,19.95391052250345
id_gkqkcuvhn0,21.980096449414045
id_jl7cx8vnrz,22.17645173336353
id_z22ai1ufxc,26.121910087915687
id_cf9eqd8nio,25.1017818192441
id_4nvfqr7bwz,18.85304052379462
id_styx2evpu7,20.11564199072537
id_r4qfxsd6qk,20.84939886405002
id_6ula6jqx2d,26.199182885716866
id_ab11cvvhj1,21.36104607096511
id_lru4a7apze,20.610771208900193
id_1h8qiqvba3,19.186211943409983
id_jocn99q8x8,19.904211242479782
id_yqd8by9too,23.839470022958846
id_3vo780asu2,19.772102037458932
id_t8qspqxocv,17.102335511394042
id_fxt49fthrg,21.146848948030875
id_9hsvvxccfs,16.011181732040743
id_mdox4e1wm7,24.9842181166615
id_e0v37gnrdc,22.263812598326123
id_4higx88y8s,20.773167964832997
id_dzdczy4694,22.442001981885245
id_b9cls7es48,21.569819178217614
id_ii1b1vx3v6,20.13408428218742
id_qjkp2dhlfd,22.268567511730854
id_4tycdb5q0i,20.29715500400841
id_enssz42xj6,21.077877156069345
id_j2lnxkjgor,22.54208828164438
id_d1kz51qzme,18.890131038563425
id_93y706i4uo,16.89146754338423
id_uo33uxmu30,24.007587171678203
id_42uhyp7b1d,17.286361227064102
id_557lj2gncx,16.32169890232619
id_g646xm5v36,19.38246325256532
id_3u2zh5sctj,19.658228311063183
id_88m5txqfk0,16.178743757536818
id_636veo7myp,17.449435116647518
id_mw8i11x4p5,17.029045074703873
id_i01umxhgoi,16.148159190908206
id_7htzho5nfe,14.39048765789071
id_rqvyvvqjjo,17.134794523370523
id_3sw1g6ujkh,20.76266554594679
id_7koyjh6lyz,23.717685248872108
id_h33dmmxmxt,19.760691222488884
id_b4zqx3ey2e,16.94295794070202
id_rigbnum9jj,17.80133487031992
id_hwnk2tvpjh,19.21875247405874
id_3djm31ze2k,15.989932511210368
id_y1b1v2oco9,14.567088334890542
id_uiiqit3mio,16.68798289423902
id_qjv34s9tgs,20.82588016865481
id_mw1dkfs5o5,15.92134718411223
id_zgolsofwkv,14.896820056052807
id_gntve7cvte,16.91114469599912
id_mv1hwwypf2,14.914947428330695
id_66vowuru12,14.527606564141369
id_718x53xw5l,12.31106861706734
id_y5duq02fcq,17.70480178589396
id_nabflglwpr,14.815760403803287
id_m8gl9o5dbz,11.095873223485432
id_s0yzedmwy0,10.72078830471061
id_n4zpk50eng,10.961745562759202
id_bf0mqyujkg,16.05021109172667
id_db6l9ymytu,11.818008127035968
id_zzhsplt3ae,10.455314295535159
id_gxvybxvz61,12.451324536265068
id_2hrjgfgo5c,8.425615270451086
id_qnvbhvfvfh,8.21641011893778
id_f4j4e8toay,10.817569247200785
id_yh8x8izood,10.384454781879969
id_r9gbkhu2zs,12.96885683725542
id_hzuko4hsbs,10.016836859251457
id_4akcsf7v23,11.4928983456878
id_y4a4bry0za,11.211578663418297
id_juefa18khg,12.10940095954304
id_8pg965n9uh,12.750168480960257
id_7mmcd60iqp,11.654340074136707
id_mbp1opp105,24.47877321637761
id_5i93sdabtx,20.193038532079715
id_5oej7jiuyx,26.913425113662
id_glm9sjal1a,26.475836756322398
id_2s4n7u9qbe,22.652040048472294
id_57l2n9hbxk,23.43595116106396
id_1mdkr0dgz1,11.76405000909412
id_evzlq1bdq7,14.166523155860057
id_0fzcmep80p,10.112052930045136
id_dwd9xbd5ep,11.799264729549519
id_cbrgljomk4,11.442348405495016
id_xadne3g2dw,10.568735998017939
id_fdlsm6mg2z,15.390245387224196
id_r1w2mcb346,13.519591470211346
id_1c24ja9jag,9.567826467268272
id_h1v0nwz453,13.201384129279651
id_igvjbr17my,9.409069570967366
id_isnin8oj7j,12.310126830715195
id_lts441t4ge,15.474106120868315
id_7k86unkgbf,11.412427383424776
id_xs2ivx2taa,13.861396451022769
id_t8pxhu1lko,16.54853041385377
id_cncxlihk4l,12.968178869991158
id_u3n972yugw,14.847860924176805
id_5dtltk9ol8,16.664078719137315
id_2d4xbl322n,24.05582898677369
id_je6xyskvqt,27.02606012187568
id_uqplr7i3e8,23.79797952058051
id_p2mep9skjf,22.832603025372634
id_klmztpbnj0,26.073632691677258
id_vdcliffox0,15.369427933606495
id_suphbrot9x,19.3713603078418
id_qsl9hh9hbt,17.454852873694094
id_h24kmkoube,16.532639198406123
id_x3hkwvtuum,11.960538282888397
id_w5yebgnpv0,13.243775566017625
id_0sqrmgfxq8,12.742170763783331
id_af7sxbklj4,12.894419329596538
id_hv5isckfyd,17.299695833442257
id_ghg0lmyh5v,20.201469208212746
id_wpckthcmjz,13.997640719470098
id_u8j139024n,12.266616060122477
id_1jadvwi51a,14.899653692216852
id_1gm8yzoyli,14.311259070714492
id_qsbblt5w3q,14.880604706096562
id_51h39wnp4b,14.436410368626127
id_ny5f2xtwmp,13.948176983545016
id_3dhao9xr06,13.986762242327138
id_wwcepeo72q,13.323539886256333
id_aekpxa9j8r,15.26761374000431
id_hlshs2v7p0,11.063871961327674
id_csaw4okqxs,13.807855363224302
id_a57xn6b266,13.899234293457818
id_v6zbdry3ae,15.430385337922315
id_mjgt3wrumc,16.441754793402843
id_rb71ryy76k,18.697294967571402
id_rzzwlgdruk,13.014243417314752
id_bg7hzhz9s5,18.326018607427375
id_9f0xa0vpm0,23.252730093330488
id_x19qug1u9n,19.45721185011262
id_neebsy7lt3,18.827148319713668
id_k5jc67rf2q,15.01486743720972
id_6vw340icrq,21.39753931644532
id_rpzdo2jabq,22.568478060240786
id_3m8w0ho783,30.33363166969419
id_2ziuzg6bnw,15.396680626222679
id_4hps6472o7,16.270473011374904
id_9cb9qenzw7,17.588358178477026
id_22gpyw7j4j,21.019584996536267
id_6rvd06xnhq,23.053580908218624
id_970drtediu,23.36133740404114
id_oec1w7ootb,23.639762430416102
id_7onpirv1s3,23.978985392111326
id_8rt8qfy8h4,16.726842173391283
id_e69vc06bss,29.615619777744826
id_7dv4xh47cy,24.08460054745245
id_vfx2x5hc15,24.15024040513069
id_ljvpa6cdtz,21.777683413748818
id_faa2v5ox7q,18.458892345458043
id_t6xdbl4ne4,22.977446957807143
id_r2fdbsyh1n,22.158872434000042
id_55pa9g9m9g,19.95391052250345
id_u347bmckbj,19.759656523231065
id_3ygrfqgttc,22.968205328305753
id_z7heeojpzb,25.103380230601587
id_utgueavnmx,25.1017818192441
id_h2tqqtxe1w,19.868433405530148
id_mrdqqwst7r,20.11564199072537
id_5053tusxc6,18.528428433452508
id_h6t5tbsidc,26.154013927193738
id_4fs05d28s6,19.521914902040642
id_qye7jwpbs8,20.610771208900193
id_um00ew0g1b,18.881636284228403
id_fzvy60mdma,19.904211242479782
id_l7u41q4cr9,24.210263965810896
id_26og4v2wx5,19.772102037458932
id_b0a1xu6nu0,17.21423065375986
id_xumsw5m3ip,21.146848948030875
id_3ftig6nrpk,17.147420600143846
id_0ejl66y98y,29.736237642081456
id_ph0mqd3qdu,22.412640370929562
id_1j21vhuakg,20.57148282673271
id_9b866t3kcl,22.442001981885245
id_gm3rhu9jak,18.595394360484985
id_vldjdgbudl,19.797493560695234
id_sg9gnw6j9a,23.787081220675205
id_jy6wca6oh6,20.067814512428225
id_lgnofy6syn,21.077877156069345
id_g1j9pxh5yp,22.54208828164438
id_xoh80ei36j,16.226092848901455
id_g4idr9b72i,17.570221246417752
id_b7cn1tm7jw,24.71262558909777
id_3kkfl60mdt,17.110005616548907
id_3cnzembvt2,16.32169890232619
id_qh3hmxe3vl,19.38246325256532
id_dm2ngicucl,18.559862654105377
id_0pj7rbu5pl,15.1840788082578
id_0b7len9grt,17.449435116647518
id_lkjbthp6xi,15.133189362831548
id_msyur8bama,16.567369916428724
id_r6b4lems42,14.39048765789071
id_tdtmvz23p5,16.447122051599095
id_ucg35myewu,20.701950398065165
id_cpu27o1708,22.11460487793304
id_8g3bfwtmtc,19.760691222488884
id_lvwrewueod,16.94295794070202
id_vjr52dclmq,18.418199725123753
id_74lpfoxs1u,19.21875247405874
id_51ipsqq6fi,15.872381734380781
id_rgv5vz1wi7,14.870834032001373
id_xukt8h1854,16.956438623454293
id_pvjuaozpis,21.289409551014828
id_dpstb14com,14.91075225417118
id_hfo34xjax3,14.629290481154499
id_1xcm67i57m,14.460180873260079
id_5w78ao9f51,16.092915095484607
id_wjwp5bnl95,14.527606564141369
id_q29d5fhap5,12.31106861706734
id_stpxgfh6at,15.941749755616241
id_lp5fau1v5t,13.980787169585088
id_7oxqpk7s41,10.750812984545998
id_4dnmn33ra3,11.592232619821642
id_vxnrc9eyhk,10.961745562759202
id_ysrrbwixap,11.397953418166027
id_yhfx1lpevn,12.509761119921802
id_c6a44pvjv8,10.610971665472452
id_s9f3ml14cj,12.060206235294157
id_d0w9c0xp76,8.425615270451086
id_a9fbexs6qf,8.820125391873384
id_9wzfhpw4et,11.167457689479711
id_ryi27ogtvv,10.021844982382532
id_l4fl7gcf91,11.497944519089788
id_tkvbxrgren,11.334241552594523
id_1wkfcd4q6t,11.4928983456878
id_mc88pd2apf,11.227836241677798
id_00iv2sgwb9,10.80278168974051
id_e7lfbanu92,12.750168480960257
id_845jje9evg,11.885867992481575
id_jhwi52u0q3,24.474268441064353
id_6ayd3hz9lc,17.584560029927044
id_fhedgc4ogi,27.7115183999361
id_w8masqptnv,22.19036949199996
id_uqe5p1fz8i,20.88314443130985
id_brzm1fa82q,10.389990418077218
id_cikkzszzmw,13.850546016064893
id_93uc5zchkn,8.994232086345013
id_n6z1o0dpy1,11.684013798829032
id_om1wxt4lrr,11.669667184974916
id_kj1k62c4hk,10.568735998017939
id_x9m9yvh87r,12.354412351551696
id_xraq80851o,13.714016290411701
id_hs3bu1nmse,11.541784017469416
id_w183sk05qy,13.280105452607609
id_ctdw7mpo2o,10.138706749210995
id_ycnd040s0i,12.310126830715195
id_bhghd6qnsh,12.49937119360834
id_yly1mkkcmj,13.52146774289172
id_bhcer2s6k1,14.07620849924275
id_ts9g0trocv,13.516661965863104
id_1qto62qavh,16.232553274058603
id_0wajzy8ts6,12.968178869991158
id_wpu97wbqk7,12.74269852562392
id_zmyx8uismd,20.539107159408857
id_nlxvai48i7,25.0156102601939
id_lr3rz1e86g,26.92284534064972
id_6kzxrawpey,23.867883614863114
id_xwyw71ldzx,17.8640845933092
id_94wuxmw8rb,23.20095292373074
id_pwx9pelurg,15.369427933606495
id_acjbfx8dti,15.92469444280041
id_eum8a3klcq,15.365432804396088
id_4utcad6z0z,16.532639198406123
id_faw7vd63nz,12.208667003677336
id_bfmddpm7dk,12.882520365001817
id_zsn1j1j2ex,17.299695833442257
id_hnknralqvw,14.681236267406517
id_j3s4dhvwvf,13.417347432440456
id_nb9skm42eu,14.880604706096562
id_e30vibg2cr,12.081557273672765
id_hr07rxuwnk,14.34677670792192
id_cckgjin8j4,13.092938389081752
id_1igqyragk7,17.27828421915873
id_pbbqks4896,11.423738481950606
id_yglxjnnnmd,14.828448286225367
id_akkkm90ju3,13.904157620803387
id_pnw5qxgci5,17.15804528461033
id_ed8b146zq4,20.629556593539466
id_dog1qrt65n,13.216952730875596
id_4iko2mf9m1,12.770961191214896
id_tf16irhnxj,23.132869416515046
id_z8dbvb7mld,19.45721185011262
id_hjojye2bnc,16.042793033756677
id_e74fkffny9,25.06053848764164
id_96r4h4wquw,17.260546828976523
id_n8zuiv730d,22.805051075717458
id_q9sf7h6id3,22.830350634016643
id_1ahz3wcpza,23.808306572629682
id_bij6rb0yyc,21.777683413748818
id_rj67797cdl,19.328448515252617
id_nfgy5cs3i7,23.424194138155148
id_rd2ycsqjqu,19.95391052250345
id_yhyq4hrrvo,21.980096449414045
id_cugq7k2136,21.145757215427356
id_6ztrbzwf74,25.1017818192441
id_b3864dngn9,19.497639462678098
id_fslinj6lsz,20.11564199072537
id_nr59rjq353,19.904211242479782
id_f937o9uhz5,19.772102037458932
id_pdm9hc9akh,22.108955841016034
id_hlaacmpdc2,22.54208828164438
id_43l5b3qppy,18.62308189644279
id_nhboyjouon,17.175071750989726
id_e9tjlmzofe,22.374978939897172
id_uep5kutr80,19.273295259917212
id_xdu2qkcn9o,19.526765602073617
id_7xqj2zy62f,19.658228311063183
id_d3txp6ww71,17.401265246851057
id_kpr41h1gl2,17.156422205521046
id_eeu9sw0k2s,15.777864408349261
id_c20q8ikv7t,16.8066332995396
id_g8oqjuggsz,20.715693153018645
id_2nq4naxlui,19.760691222488884
id_qny2l3j2li,19.21875247405874
id_vvea9k8tgz,17.084261969346635
id_t009are3zm,16.919649307720146
id_uzuka63dnk,15.92134718411223
id_rkhciqi5gp,14.896820056052807
id_9qs0u03sne,16.96528897742624
id_beoswwa1jg,16.092915095484607
id_6yzetfd0jr,14.527606564141369
id_ip144xmrio,14.959784991409082
id_y1jzpsul42,12.04880652494641
id_irudkpu9cg,15.192868517213999
id_43ve2f04z8,11.822130005722356
id_4gby11apzd,12.750168480960257
id_r9li959sxm,11.588899049157291
id_2gg9612372,24.47877321637761
id_dkdt1jrmsn,20.029927058505717
id_8kq3got9a1,26.913425113662
id_kkivrvc6dv,22.413503841978255
id_3q8sdy56bq,22.652040048472294
id_oc2m0zmgnw,22.662654054491604
id_wyvwl4bqdu,10.619910625780847
id_f5b42pbalh,14.644847199824921
id_3piuxvnarz,10.759225092442462
id_ujdq27dnuy,11.799264729549519
id_vt4p2wegs4,10.938321423907306
id_z4g1p19t95,10.551760391506184
id_bhmbzfmckd,15.390245387224196
id_lx1nwyvve4,13.677226974677556
id_4nsm6zzd4h,9.886015219051295
id_9jra8eod1e,13.596082592402773
id_qbc2s39kpt,9.67242378728955
id_hwtnn2m6nj,12.310126830715195
id_xmn0zn0jvp,16.957717097543803
id_5022yedndd,16.518163418679976
id_wdxog5yev9,14.093442208225934
id_aokky0eeqq,13.516661965863104
id_1929ukjz7m,18.113076383752393
id_6ezdibfpl6,12.968178869991158
id_muark7nz6q,14.31289831979382
id_l6s3otmx1p,22.65740864087238
id_evzd01c14s,18.957869561578594
id_8j6zj2o5v3,26.329013565515634
id_mdql0oe5vo,23.79797952058051
id_0ejmzowt7c,17.487196400960045
id_zq9peruavc,23.279877284070725
id_2akds1jali,16.347771502765028
id_wejvfo8xac,12.764243971342546
id_wdhrtx9pfs,14.970475149064884
id_cu85lbcwzc,16.532639198406123
id_p83lwl7p4d,11.909058840312916
id_xnvv8228h2,12.516429343221922
id_t8sup9cci8,12.355795967601617
id_ryshnzfv4d,12.536222058475646
id_h8xe0d6wnr,18.454569369347805
id_y3i49rn3cl,20.71337536327471
id_q2e9lqyx5a,14.527696511417842
id_rxs1idu9rd,13.42413077160437
id_4oegd66w25,14.681236267406517
id_bb5wq93x8f,13.417347432440456
id_52ecm6umwm,14.880604706096562
id_8dwwuytb5v,14.436410368626127
id_zzjc7k91lz,14.427270797364214
id_13zklidhjm,14.412273516482033
id_3987oyytgm,15.922910094440079
id_vrhp90mg8w,15.26761374000431
id_qxd7crl1kv,11.423738481950606
id_c3yqmpgirm,15.087888902773356
id_m04u0g3jmm,12.215125369052897
id_oh231618a0,15.395736615350845
id_mq7wn4kpnq,16.812869202709564
id_1s9kt1d46m,19.14325171296094
id_o2jovbwixk,13.216952730875596
id_lbks4puqps,12.34869409954747
id_s12qsk2fm3,19.71907131966467
id_oy724ak7cq,23.132869416515046
id_g27rgw6pl8,19.45721185011262
id_uvlutbrlhh,18.827148319713668
id_uejyos5gh3,16.104543268044228
id_9hys0algtd,21.153050298128104
id_ga16h299c7,21.748818005550387
id_gxrrg3cnlc,30.33363166969419
id_7mz1vu7g4g,16.476270853634595
id_g2fmh836nu,16.270473011374904
id_yxk6h4ayeh,18.476949518196463
id_1e0dh5jqvo,21.466825148354207
id_unsewqvn1a,23.053580908218624
id_ieyz0z6h0w,23.489507726785998
id_t72jq7wg7f,21.722744377483693
id_h18rx6y3e9,22.50313362953947
id_70v67oh9n6,16.73524944543872
id_jmw9nldr1w,23.097055245447503
id_484spy9w6i,25.941218944131275
id_g65c62aekm,23.808306572629682
id_wv3teofdra,21.777683413748818
id_inx7pj1zao,18.27121449934576
id_ny05t5mh1p,19.328448515252617
id_u5tjmpvirk,23.424194138155148
id_m25fiokemr,19.95391052250345
id_ot5b3e3mun,19.823193148257186
id_ssjjy0d17f,21.65595029946988
id_yru4k5km7g,24.764872580426534
id_gr9x49t37w,24.806888865556267
id_dmyl2a0wte,20.11564199072537
id_hc5646p82r,20.84939886405002
id_elm57z8vqj,26.274563284500722
id_u0fstcz8di,22.913594312225456
id_qttfy8k8h4,22.0352399891513
id_o3axo0etr3,19.169097761631818
id_2q9jp9vnu1,19.259668110482647
id_q6ms0le9xj,24.210263965810896
id_f93eoya8id,19.772102037458932
id_hueq8wmyii,16.406582699048883
id_lf0lyj77n1,21.146848948030875
id_luf77c9for,15.105418336887876
id_d0ssfcbe7n,31.5560242794807
id_qec98cuhd9,23.376351158191337
id_kj1jee85qf,20.57148282673271
id_tegcy3ymge,22.442001981885245
id_qtt1ub0cqr,21.721820778575943
id_f0n6fd1fzf,20.31533219698468
id_h1ar66egyc,24.089445592233538
id_81jnrshsul,23.03986980686872
id_jcg12akmp5,21.077877156069345
id_aq2pxbmh6f,22.835454008375155
id_e0qqf76fzh,17.060018457191244
id_wg4g9os7j0,17.175071750989726
id_3oodaxb9y5,23.635086639302152
id_kbmagd8awo,18.94791800696824
id_j9h3i8oh4m,16.490594540648416
id_hasyime9kt,18.172055585519818
id_sp1rci8n6i,18.594705043932798
id_pyl3gv21d1,17.53573830146579
id_qal583nrjb,17.401265246851057
id_0jahn21yg4,21.212591703862273
id_cdgc01qbv0,15.66515438156257
id_i6rcrq03t3,15.777864408349261
id_8u55jf04b4,16.447122051599095
id_m6pipj4ki2,21.016424361900786
id_gy8s836zbx,23.82947634658416
id_0uh4v68wol,17.893423740864783
id_7fcx2np47p,16.94295794070202
id_6wr20e0qhu,18.423736836813493
id_tof6i4dxr8,19.21875247405874
id_k9y121i3q6,19.11740458322864
id_ufnloy0p6l,16.489803238714973
id_bmbz4ag2h4,16.956438623454293
id_66fiqi3hb7,19.72066742633884
id_ao488ekn63,16.964509023348345
id_qa08032ux2,14.97994004562351
id_dksj4loxk5,16.96528897742624
id_xcnbk7we8b,15.66999140827829
id_d01xs14b12,15.365824269984486
id_gtbikppc9b,11.111674088059377
id_vexdtontsk,15.941749755616241
id_i2u4lru5pj,14.404501798001194
id_jd4dzel6u7,11.802961991540483
id_lpa9r07z8b,12.04880652494641
id_51jaijw22u,10.961745562759202
id_banl3q7xba,10.862461262670728
id_vutwngujan,11.412680673935986
id_8ymb5tnc39,11.182038948653968
id_5o92himecd,13.806535236895602
id_j65gxna4nx,8.425615270451086
id_ox2wsaw3ia,8.21641011893778
id_k2707sckem,10.658418299170098
id_mpj0lnxacc,12.796280214230624
id_xp21rc9wlj,10.548785843473055
id_95qlrnfn3m,11.4928983456878
id_jjc390qqbh,10.989796001209186
id_5q6ntj5feu,11.115767707864244
id_ulrzxc6or4,12.487994987723017
id_o3842mf5fv,12.67643968918482
id_svoeh6do9g,23.53696282578733
id_h40j4g6lko,17.426812765333217
id_kn6e9u36j4,27.392626793421467
id_l7koi9bqvu,22.413503841978255
id_w9vfge8zvy,22.652040048472294
id_m1u3t8z35l,21.988583981714083
id_nwr2vpkoe7,9.211623898824879
id_u3ih52igtc,8.994232086345013
id_o1esa8wsif,11.684013798829032
id_mktr6ix79w,10.525267239247885
id_2ptvfeal81,13.871698323754577
id_elkdukvihq,10.099915294852618
id_qwk4cugilm,13.602799059538544
id_1oz3u6pwhi,13.201384129279651
id_y0xvef09vq,10.081607795139579
id_23gmc7gsmv,12.310126830715195
id_r0m6c354qj,12.49937119360834
id_r0sqad4l78,13.811204407548333
id_ghdqd5jsd3,12.805597529382164
id_x8bwqtepbs,12.91193955232213
id_ya5dvzycq5,16.232553274058603
id_9wue1vw0je,13.694010255522668
id_cv0ocjo7yc,12.986521932874101
id_tembu3gfxi,20.539107159408857
id_jtuteue33p,25.0156102601939
id_po61337o0p,26.92284534064972
id_u3ds0qs0ja,23.867883614863114
id_ux2weabz73,23.318224358362393
id_lpk5vf71ew,24.927253195851993
id_663tkhfuc6,15.537052315955538
id_z9c1h7fnjj,15.92469444280041
id_9dx037ij0q,15.365432804396088
id_b3j3fd3rmh,15.91228471785555
id_sifhxybxky,12.71489460777471
id_hz8r2su7q1,11.957125384081502
id_idsihhjz6g,17.299695833442257
id_o866qvk74p,14.557113684568593
id_0u1n7gtyxp,14.884229128378449
id_lyrsajp3xp,13.454136748174601
id_bzccsloevv,12.081557273672765
id_9c9z014n0r,14.34677670792192
id_0che20octp,13.323539886256333
id_8lyeumoumq,11.423738481950606
id_9wiy3lc33n,15.05109958703921
id_9a78zekrny,13.904157620803387
id_59yb1kfkkt,17.023442504165722
id_5qugn6f0n4,16.441754793402843
id_ch556d7iza,20.30193578772861
id_yljh4w9iu6,13.216952730875596
id_cngpsdvk41,13.33020132983632
id_cpc394pksr,19.578475154073637
id_9e8yludv11,18.784633085907696
id_wmvjf8lqx7,16.042793033756677
id_fxa58eejly,24.7870636167887
id_lrnh9ds8zh,19.328448515252617
id_14c1s7ewjb,24.46920606924208
id_pirch232ad,20.197856796960423
id_l2k4cwt2y4,21.980096449414045
id_bv77jcdr0q,18.655611238345493
id_fdqc1chspp,25.1017818192441
id_62ln78y7zw,19.497639462678098
id_r6uupiy606,19.411669710840975
id_pkr851vgsb,17.372086539854877
id_5dt20d24kt,20.482581501674918
id_14iduc4f9l,22.531715052681125
id_s0oyk7nplc,17.038236663873032
id_ohoxj2ghjr,22.341967818464767
id_lx42qav5js,19.658228311063183
id_7y4q699t9l,18.458232552304192
id_dp3acipvh6,15.847272303339611
id_t5pefcc5b8,16.68798289423902
id_lpt30pg4he,22.24134778928824
id_3t6sgybjdl,15.92134718411223
id_9n0a6kx46d,16.96528897742624
id_slvqhia6kd,13.278976655516125
id_8ulyzkbx2b,14.527606564141369
id_jo0fplisra,13.003624669768103
id_dy11ridu3w,11.95505006887882
id_3qf6thp1zq,15.192868517213999
id_irq21mxj78,11.211578663418297
id_w2cuumaw3w,12.750168480960257
id_gwxneemm8m,12.51621513664931
id_8h35d7as03,24.47877321637761
id_lzg90mlb1v,20.193038532079715
id_z5sz4wfbb3,26.913425113662
id_8ew9nnhjzb,22.413503841978255
id_haz6ywphnk,22.968017188267453
id_7r1kfjjh14,21.219176484993625
id_16wvcdazgi,16.532639198406123
id_iq6jofmcl3,15.887014559462052
id_tdu0u91xwk,16.85486609893671
id_62jccue0vl,11.920802217834975
id_3sef84eg2u,12.882520365001817
id_w0f6u87fds,17.876967716119527
id_jwcwkcbb4n,13.997640719470098
id_sipbb762jx,12.366645810432907
id_pw524o2hj4,15.130154213482717
id_qlj4brmgs2,14.74297845751579
id_6fw4q0j9so,13.861881354856843
id_squdps1yn8,11.902321073075889
id_92ijbpy5c7,15.26761374000431
id_5mdgs1tb11,12.94122631305375
id_pq77lq5wej,11.689391724302308
id_46mfsuetx3,11.971494824062166
id_l66xs53vq0,15.808634687926217
id_edk0v1a8wn,16.694373913945764
id_nztzaid365,12.828045099250197
id_1k9uqfcnfq,16.018158967629255
id_5rcti4kobf,14.011401355442361
id_al1l3ahw7b,30.321618024773908
id_3f3rzgujod,23.318811243692448
id_fr4pynhbb8,21.72366017490565
id_rnuqsg891b,16.007464323659192
id_3qw0q1r8qa,21.157711302134217
id_o84bqle0x6,18.436115921914773
id_han5yb04s9,18.702087068175814
id_n7pgevpqei,18.85822411675815
id_j0aw1xyk9t,20.90424900002444
id_xpcbsjawvs,25.2225367007837
id_y8vz7smn74,21.568148230507752
id_xtbriixm7z,21.013181543890397
id_l47atvid60,18.427465491730405
id_gqpbs3ql9v,20.647717579266388
id_mohvibrck6,18.436184925946325
id_m2e2vhsgc5,19.745402020699355
id_6q2dw9x7y4,13.82979783427283
id_r8hora5q1m,22.515818939334746
id_chvslqlmkj,21.373675015365215
id_z8b1es3pzh,15.18092878378432
id_crc6ejtto8,17.020112557488968
id_4hw7jthh0g,18.016370104974254
id_rtp2qosss7,14.490551337345225
id_2keurz29m5,17.12490823759385
id_5f0tzdcdu0,16.847796416042364
id_6g5cbmuktq,16.755584161147674
id_njm4qcclts,16.641491502470153
id_t8gjwi01yc,16.956438623454293
id_dfcidlgn6x,17.404496971217327
id_f7whsdcam5,14.885326014763072
id_hga8rjdes3,12.452611733524588
id_32z89yhhic,16.417444818959158
id_pza69wztdl,14.953129044589327
id_ndfihwmpp8,15.721347514955967
id_v6uj9ttsd9,14.151692998480748
id_qi267vxsvl,10.18564577424607
id_oezislbogz,11.766845760547229
id_yzmptlwk5v,9.94419184750093
id_1wgvveqkxt,10.692930067519622
id_hyunf795m9,10.530033347126395
id_9vmusmwa1w,12.060206235294157
id_7set4vt1jc,9.715582230393238
id_xsuqw4qhef,10.266017006673117
id_5rb2kj08fr,9.97770662440402
id_hub405wg5o,12.190351731750647
id_1dl4uombn1,10.719562232980282
id_0m5pjvhhts,13.579998284809983
id_250ilall7a,10.619910625780847
id_5oh31qlbqd,14.166523155860057
id_g0pt3qxex9,10.759225092442462
id_wecofpgirx,11.799264729549519
id_9dwlszpc6f,11.521069728822978
id_rx1c8t309y,10.568735998017939
id_ihc33303cp,15.390245387224196
id_efyw9jlc2d,13.519591470211346
id_r4qda17kgf,9.507708744242978
id_ztkiuvq97m,13.201384129279651
id_57vj6lphyj,9.220092731575908
id_1a219llt0x,12.310126830715195
id_7dum8n5jfs,16.957717097543803
id_mprnfw8jby,15.554223835778444
id_4kwyl8vwk1,11.412427383424776
id_hkd5b8lkry,13.861396451022769
id_ugse3zoarv,16.54853041385377
id_2mihn0ik0d,12.968178869991158
id_eq3nj1bw4i,14.847860924176805
id_eztbfv2vvq,18.538270417583956
id_j822qt24o8,20.092850531488786
id_z30ciw3guv,26.623602734968784
id_cikel8zc0d,23.79797952058051
id_pn6ira1t7j,18.23511491032681
id_vk4ybuoyry,25.7576555518821
id_vfxihvxog9,16.11281029068486
id_gx87k11mh3,15.23425316491957
id_5yblexf7zp,18.72114136840696
id_is7lidy1mf,16.532639198406123
id_3gzqnrpvj1,11.909058840312916
id_tgs79jz18s,13.243775566017625
id_1vuxj43b5t,12.67339443219774
id_0li1v5bnou,17.336485149176404
id_2rkm63c28h,20.201469208212746
id_u4ue41ptfe,12.163652949460975
id_hqm9ncx8e0,14.899653692216852
id_nm7ygb4b3l,14.436410368626127
id_jh45q5uczs,14.427270797364214
id_8wae60vl8s,15.26761374000431
id_oew1wkaotf,13.807855363224302
id_2blz0nu3gr,12.267006661418586
id_8561e57ms1,15.430385337922315
id_6l2yazaml7,16.441754793402843
id_u8x5imye5i,20.28891661586572
id_3n4fcuig6s,13.216952730875596
id_63yqksu7g8,19.45721185011262
id_vr7oawtyr7,30.33363166969419
id_hucimtkqcs,16.73524944543872
id_en1o2lrl13,29.615619777744826
id_7unrf37lps,19.53259175727855
id_airjz9ye97,22.158872434000042
id_e660aintu0,19.95391052250345
id_xp5zllo7bm,25.103380230601587
id_9vmhojq424,25.1017818192441
id_1qhlpx2pcm,19.868433405530148
id_qedyi4kq32,20.11564199072537
id_vyxdm338eq,18.528428433452508
id_g2ct966v3a,24.210263965810896
id_npft5kn5zd,21.146848948030875
id_d9roa39323,22.442001981885245
id_7jxotkoa6i,20.245428102702075
id_io83k3isds,23.787081220675205
id_0phnbrqgvq,22.74940975433583
id_8fhskk4v0o,22.54208828164438
id_jmark42lrd,17.89485787821119
id_4uoyxutrk9,23.51853258123385
id_z3ne71faqd,19.273295259917212
id_3lsi6od9kk,19.38246325256532
id_wnmtya2xe4,17.162167627297425
id_kxpxubm2ks,19.21875247405874
id_jr62xr6pn0,15.872381734380781
id_i1ndfhbqh8,14.870834032001373
id_xbzzfn775f,16.956438623454293
id_2jgxgek3pp,21.610828413431904
id_cz0j93tjn1,15.053551482030462
id_ibjyuosq7h,14.629290481154499
id_qdj44e8qxy,16.91114469599912
id_pr6ybzbo04,16.092915095484607
id_6is3wqphrp,14.527606564141369
id_a19c8qy624,15.941749755616241
id_fccl3r4vhn,14.260477210395399
id_lpadx9ljyn,10.764322646475275
id_yrlxid7w5f,11.686135466958639
id_iyelznc712,8.425615270451086
id_d4zyhlrp7i,10.548785843473055
id_yamlzhxpzl,10.80278168974051
id_69z3k5udxl,13.473959473326115
id_srbbfyzb4y,11.635905645672988
id_scnvuwxqzg,24.21357144442402
id_nyc1n6dupk,17.30926198850363
id_5rfy4jo9id,27.7115183999361
id_etyxjytmkl,26.475836756322398
id_qm010ay0yb,22.652040048472294
id_ufglp9d8e6,20.600783774452374
id_gxnloqrtfy,10.549797372061771
id_98zx0ydmal,13.404641907361377
id_ikydapbjg4,8.92105127279283
id_x9csxregb4,11.684013798829032
id_embux96a8d,11.465593255917643
id_n3zi21eakt,9.728108238910641
id_cmzvbp4gp1,12.384405848207393
id_lh42zi0nvd,9.705815931192488
id_lq6ofubnzh,17.433078909864292
id_ak1gmocab7,13.991190974264294
id_j2qbzdu60r,10.344962011461764
id_4s7frhrx0s,15.406281747472056
id_swwnl6ehwx,13.209932628014403
id_0dzgrhmq0i,12.780823108279353
id_bblmv4qbuz,10.912900063485313
id_ns1udfi49f,12.713647955112299
id_3t4mu9h9h8,16.54853041385377
id_np2i3652hs,13.545579736278317
id_0m1hyk0i2t,12.402893942022734
id_47086vwi8b,17.112583407286102
id_w1v8rlefq7,23.63888421099426
id_ri94vbx6vg,29.315672288621563
id_wi9j0eune9,23.684691453500395
id_0z2yz02gho,21.738800756109033
id_whd8ue3507,24.587972804187046
id_cmezkcvthd,16.48989575504677
id_k00w57rr6l,19.3713603078418
id_rm817jen6a,14.86123443152759
id_tzdmb15txs,21.098420241034365
id_6ngwi1vl1h,12.832792311789932
id_cqm8i6ol8g,13.173613191138115
id_l7eneup5t0,14.65384923935234
id_sfbjw9ec2z,13.179923944708298
id_j7jqrbwmi0,13.429385488171938
id_wwdzrwgr58,17.062986402630504
id_kk82r8fpuh,11.285871326544731
id_wat59la3q6,13.790822981305398
id_xhxsyxysbf,13.778129327239514
id_actuxo4gmq,15.934998672044243
id_6qitjn8c8r,16.16241643275789
id_jdquy1lxet,17.153203567770877
id_g5325vgzzt,13.216952730875596
id_c4zrpwzc4a,12.770961191214896
id_t5anmg4v7v,19.839854653069178
id_9af0ydgl1s,16.304291952137785
id_9wwxdbqekl,15.250413011800006
id_dtzemr8b33,33.04478837854038
id_qye7rb9bbu,18.610873821828218
id_1doz4c69ph,23.063933972951958
id_1s38ze4v8w,25.917680422310614
id_18tg20wg54,22.529934111935095
id_mf6s46v1uw,23.350266499206263
id_krkw3iqkf6,31.797162338318905
id_tcql7qm01y,21.282262909803098
id_czit7flk3p,17.65739449941633
id_67vafahcsb,22.93883422086341
id_6hwobiyszp,24.710843632197385
id_3hit2vt54g,18.694713593933013
id_kxjx8xtw71,25.872716942078483
id_ujvrrf4kx0,25.1017818192441
id_p7m9x0qpi5,19.38936357928813
id_b2w6gxhazp,21.514286481401136
id_0glwf1vle0,20.534384014219714
id_h52hj66b1j,21.473883149268254
id_3ykb55avzl,19.904211242479782
id_4140yukx35,24.149203838415865
id_ejschtytb2,22.20443248321003
id_bt8l5o5bpc,17.29479951911473
id_01tyqteuzb,20.770993373181206
id_xxtlit8f06,21.371753635391798
id_neowy957qe,20.410387702741655
id_ld5ad63fk4,21.578550367084535
id_9wphwvxjbh,16.019209353533835
id_bjwf0gk35g,24.007587171678203
id_nk6t94cwcj,17.110005616548907
id_c00v9db3kd,16.32169890232619
id_qljfbbues6,18.559862654105377
id_8l8rdvtd4z,18.348009545449216
id_ucd95ihefb,17.313143827096646
id_1h25lc42la,19.33455405419654
id_7rkgygr8my,14.39048765789071
id_qrzcnk9cb7,14.532575868673506
id_3osclzuma1,20.84313735245172
id_j7yo6gfpr7,21.632756530168226
id_m8zu1vzawt,19.723941978459685
id_bjboh76f83,15.967960783205259
id_msmgdqfiqk,16.113342639662164
id_9d9nc0plgr,15.989932511210368
id_fnstzi3enk,16.919649307720146
id_3h9gnh7is5,20.82588016865481
id_ymoxc4wuvj,15.92134718411223
id_diweogvo4x,11.953186104763514
id_wl3mu9y4pt,14.292556490911037
id_cypiwo10y6,14.711742195746945
id_qh3anhhrlw,14.527606564141369
id_83z9c83r5i,14.15501227368152
id_s1phnl1iyl,11.997366364109897
id_uqoypd8y4s,9.115247562471199
id_e1c84vnzi4,11.668719410906856
id_duvrjwe7j4,11.09870623198079
id_cpaolr5w71,10.250220515947039
id_0gez5n5up3,11.944726458338177
id_4dxpvc7v0t,8.425615270451086
id_wy3b3kwp1u,9.123100166729163
id_kcz6mx2ftd,10.817569247200785
id_s2azjdfda4,10.178059170782722
id_7zq37bq2m9,10.701808756097561
id_80ps7kboqo,11.429644498718371
id_wdp8cocu50,12.750168480960257
id_x726sqebnc,12.037321622536782
id_ocawwzqkj7,22.354249360516103
id_p24h3f2r8x,21.785052683632482
id_dlxm63a09x,26.615331250283695
id_013dywijcw,26.830582492382902
id_wmd6txw3qp,22.10088360069802
id_2uo9nruooa,24.06580000412291
id_4szygx4nu4,9.211623898824879
id_cfhk723676,14.166523155860057
id_rt31sygm68,9.358741036272814
id_dwxwdulu8v,11.684013798829032
id_u0imoqh2c1,12.645037810259282
id_a4d6g1lekm,10.794055255716772
id_cwv9ah2kuk,12.354412351551696
id_1583r9rcn9,10.099915294852618
id_55v93496t3,13.854178155217049
id_p6iewno0go,13.596082592402773
id_a3wluzck8n,10.081607795139579
id_tg3rfg73mm,12.310126830715195
id_haijdo7a8j,13.209932628014403
id_aukksta5ut,12.780823108279353
id_vwfdch92yw,13.185414854840946
id_vr9rjzdio6,12.713647955112299
id_hq9rjuwiqd,16.232553274058603
id_plkyx8w8df,13.909916063854384
id_mps4kqn7xr,13.514880922213747
id_ohn2jvlaqc,18.937202371514797
id_r2vvygjx7z,24.12304452766948
id_y9o3zgw71a,26.92284534064972
id_5lp79xg2n0,23.867883614863114
id_vni712633p,24.411461308755996
id_01j3m051aq,24.456685237144015
id_hajr115naf,15.537052315955538
id_vvmmry71u1,15.92469444280041
id_vp5euuu0a3,15.540133124196949
id_b0ww1vi7ut,13.904157620803387
id_43huts58gh,17.023442504165722
id_ivuzjmumge,16.441754793402843
id_643x1kcl8a,23.388125169531353
id_8c62htwyf0,21.34799332262482
id_hx6qnu01o7,25.020151869262563
id_r69gk2kevv,25.1017818192441
id_rfr69eoy4e,18.230397428503675
id_p815xbtmh2,19.783013670739283
id_q4htbc3mv4,20.84939886405002
id_3qu1qg5an9,25.09377277743567
id_jxt2raj564,16.097974241981134
id_whkxth8443,17.351760579981644
id_r5h0grolrb,19.55319532108211
id_gqz444p0t4,19.658228311063183
id_cm6tbu9klf,16.615919561043533
id_6gaw1mpb98,16.820167012732863
id_mi6cveknqi,20.76266554594679
id_hrztm9t3ga,15.967960783205259
id_2f9mvhe5a3,18.49735427085889
id_yrz4dphzc1,16.702087696242693
id_zngjgoo2dk,16.68798289423902
id_pxwxzopg5w,20.82588016865481
id_c40jzd2xtz,14.896820056052807
id_h0w3y9kfum,16.96528897742624
id_78loal24ig,18.67149638069051
id_a6zbnq2jfl,12.920396308429078
id_dwojdf96vz,11.905416642394508
id_kh8t0u2ykn,10.487595646948854
id_ulncgfoozq,8.21641011893778
id_bhaumyn0jh,9.962692577824336
id_75yu6r1ix8,11.211578663418297
id_nvx1ah4m6e,12.750168480960257
id_dclo8jsxow,12.159071319176903
id_gbcegwehwb,24.47877321637761
id_8ythlcs4u6,20.193038532079715
id_wgho99po2u,26.913425113662
id_j2425ljqo0,22.998028637108423
id_r0n1tbsc8k,22.652040048472294
id_y7ffq95y6e,22.361348101039365
id_fyy6i6j06h,11.76405000909412
id_anv4htdeo8,14.644847199824921
id_f1xdbych81,9.801076724512892
id_vjajvq9znt,11.883006326337958
id_w0kn8lsfm6,11.442348405495016
id_d0y2cmg99p,10.605525313752084
id_c0lde7ws35,16.13356274644255
id_nkpuzearf0,13.677226974677556
id_dny7wqpwsi,9.567826467268272
id_mut5ylxif1,14.839702671848071
id_6v6apoias7,9.409069570967366
id_aanbewd75e,13.670201052501387
id_g3wrkoouk4,17.315027145469788
id_nwndwrpf8o,15.98059832275027
id_21ug002h0q,11.412427383424776
id_pd01tyg62p,13.861396451022769
id_wcb0ckggc7,17.62619545420948
id_3xfe9y6qy2,12.968178869991158
id_sg7nyshurw,14.847860924176805
id_fl01fpudeo,20.8640652471354
id_oz6t207lje,19.87051015615018
id_1lzokw7hi1,26.386207148877705
id_1pgeidv7p1,24.049847245361864
id_lbrv1ljzfv,22.832603025372634
id_lkjm5o21jg,26.073632691677258
id_ce45fi3i9r,15.369427933606495
id_e0fmjam36n,15.265862962850486
id_t9gpc6cl08,16.044685133925316
id_hc62abtu6k,11.971494824062166
id_r8r0rkheji,15.808634687926217
id_xlindtdnz2,12.828045099250197
id_lnjrpbezhk,16.27304928858263
id_mgtu4ilbfd,25.941218944131275
id_5xqaypkkvs,23.816960941491736
id_w3so8j4bv7,21.777683413748818
id_7w1zp8cjcn,18.27121449934576
id_67uys7wrv4,22.036090059025128
id_r17gddig0j,22.158872434000042
id_e3vuqck2h6,20.05687363316495
id_fhszavu8ax,18.27281462975079
id_luamixbkgq,25.103380230601587
id_kqm2f56xwc,24.575222452075142
id_zyxetqm6wu,19.847493768613678
id_dz8pj6oclh,20.788220754930293
id_adeyv5o4f7,18.384137401737927
id_fz6qqj1h1a,26.154013927193738
id_n87wj2ambh,19.521914902040642
id_f70k3emlx3,20.29382685726119
id_vgoievdbtz,18.436184925946325
id_zh20dby41t,24.210263965810896
id_8bvi6lu9pe,17.21423065375986
id_q160zgg9me,20.830627771441712
id_4626is4jb1,15.60497314110064
id_yb12y6lzfu,30.892821631123457
id_q28sbilqoc,17.386504780541095
id_tum04j3i0k,18.239787180612694
id_rmvr6nrclw,18.966428682895902
id_htvqxawa72,20.644247087485205
id_fz1uc4v5j0,17.570221246417752
id_7b5p3b0df6,24.633904265769807
id_2g79ep4pkj,17.331553949636806
id_iqortjdma0,17.203177686502688
id_le8f4g0pzu,17.51285903815888
id_ekpzp4t5c4,17.283304814099505
id_gesmljsvjr,15.1840788082578
id_psei1suku6,18.605702749666175
id_hqwm0196vz,15.064035577338588
id_69rxifzt35,16.567369916428724
id_4o96zxaznr,12.73272020017594
id_3wrfo6380m,16.447122051599095
id_1fty7ttimn,17.12490823759385
id_c57ji3ham6,22.430199655848565
id_wvw6k6vp72,19.21875247405874
id_0p1s7vp852,15.846560412391046
id_b52rchktoy,14.870834032001373
id_xgf7g7nfe7,16.956438623454293
id_sm7nxaxevr,17.404496971217327
id_pyl58w1gtb,13.724151005545238
id_nqbx4rommx,13.813685095661947
id_19wzlmlzng,13.95836344302154
id_z1hdqiwyma,15.941749755616241
id_5mgd2i895h,13.811106399774008
id_60a72t2cay,13.192731441200538
id_a66evs0aqw,11.557082228063605
id_iuiyr65rvv,10.961745562759202
id_eaknqbzf77,10.610971665472452
id_stb9gc066l,8.425615270451086
id_qaykme2vjm,8.74119247140776
id_dt2xwaz5io,10.021844982382532
id_733wbi020k,10.449464011172607
id_m1jmaidc1m,10.80278168974051
id_iq7tgns55s,12.156358792968254
id_sqcw91cgln,11.885867992481575
id_yq2em36nu1,17.30926198850363
id_fe0mlkkqtt,27.276718559717864
id_ws4vk1maeh,25.283595418323742
id_esgom4jjh0,22.10088360069802
id_5wgz7hxu3q,19.205105480637993
id_sharv68cbo,9.211623898824879
id_98fux0thhz,13.21460346434615
id_ago3payk3b,9.358741036272814
id_2bmny3x2l9,12.452221829456416
id_weseav1xhv,10.406536309332585
id_qwf1i3cj7r,9.478628474081336
id_4fdnb4eyjk,13.731040692437242
id_khcy0c8nrh,10.099915294852618
id_kjsl8ka1vy,10.44937265730353
id_1s4emym39i,13.280105452607609
id_cfswxplen7,12.310126830715195
id_ri3sgqw5vk,13.07113549367683
id_w8xmcsup55,13.171906831515646
id_oskrymtnrz,13.448769071163131
id_a5nzunklam,13.2424491623968
id_okj6k5qcws,16.232553274058603
id_ja07tx0n94,13.909916063854384
id_1cu5omuey9,12.986521932874101
id_ph274c2i2p,20.53994592439167
id_sx300bfhv2,29.09212488867742
id_doxq14mqw3,26.92284534064972
id_fbog8w5ysl,23.62823254881858
id_nf1gsgtgns,17.20137553834356
id_m5e0u3d68x,23.279877284070725
id_4lfxjvfjkw,15.537052315955538
id_32u710vh61,18.062496439842565
id_zsw4618nnl,15.365432804396088
id_odokt2hr7x,23.049587669883586
id_kw3winhwi7,24.780110150337343
id_jj9rbh612v,24.861824258626964
id_26j0qg7uea,19.92104992565774
id_ycnpcmmjh1,20.11564199072537
id_7vaqpmlhsv,19.904572143073402
id_c9cup5eoxe,26.33796932713011
id_rxl64ozpc8,19.74344092164105
id_wlrwnnkbc4,19.411669710840975
id_5v07yr6kc5,17.372086539854877
id_twzj5jj66k,20.914071999874977
id_72mxu4su0c,27.631054146188628
id_c25uc85sjo,17.607645401648405
id_ouv903vao3,15.757716691233329
id_zyln20zouy,22.845341655452224
id_gl5zw040r9,17.923651712141027
id_g8wutb862i,17.216762881641902
id_s8gpkg7qj6,17.215160527082837
id_rmsthvc1sd,17.80718983622013
id_ke99qjo5z4,15.66515438156257
id_77oq3gka82,19.343054896883793
id_d4rug7fs73,17.084261969346635
id_0q4rgwhh5j,21.35971712397196
id_6a84c2y7xm,16.050284589140656
id_6q6h59e1he,13.894966886541832
id_dv8a63xtc0,17.002597989105784
id_27ono5yevj,14.655123313244108
id_v2r3sg9n1j,10.210900305846963
id_3p8yrwj992,15.12296442293139
id_wk8q5ydpwc,11.779267861925492
id_xddq8x5dw6,12.343565938665941
id_br2ieejs8c,12.51621513664931
id_xlkeen4coj,20.193038532079715
id_bhdjsv4g5r,26.913425113662
id_10f0mij1yf,21.57314914659742
id_x6l5iwtgrd,22.652040048472294
id_eyx4q4fnev,19.56629602129449
id_a0at61dzen,9.211623898824879
id_0zn9uivt40,13.21460346434615
id_qlx50d8vx2,9.358741036272814
id_u6z7b5cbh4,12.363690339367468
id_9vwonnifzw,11.428635157205045
id_0lnfawjnjk,9.94152087949048
id_31uzu5wcsr,13.21624622488313
id_uzija37zrh,11.660911433740912
id_z6s5np5auh,10.351810676905236
id_p084kqcwjo,9.909118045465743
id_qvm8ttfb1f,11.308717298142613
id_yzoxe0nplf,13.07113549367683
id_n95r9k6tql,13.171906831515646
id_i6gb7eojjd,13.448769071163131
id_rj99alu30y,12.343251981260723
id_qlb79248k0,16.232553274058603
id_5gr1418j07,14.723277297243348
id_mvspb7k941,12.986521932874101
id_w5jw7d4cs6,20.955260800393646
id_ksu34mhpjr,29.09212488867742
id_q22kldhur3,26.92284534064972
id_2ax9dk8j9y,23.36603027572124
id_tld5diafyf,22.879460478570827
id_3alewcubl0,24.456685237144015
id_l88880p40e,15.350198237721541
id_hr17wz72sy,18.062496439842565
id_cjj6ks4lan,15.365432804396088
id_crcf47qz6r,23.049587669883586
id_s0472tpnvf,24.91314333473239
id_4x8344brzc,24.861824258626964
id_f3th0516p2,19.321591035986362
id_rq698snr9f,19.89775123339139
id_bqumy9109l,19.904572143073402
id_sa87ndj19i,26.428341592167683
id_l50a8gf4z2,19.038067185665035
id_d22097x7wg,17.94364498641047
id_o0l24mamhf,18.82034172450148
id_u0tbd0ho1d,24.210263965810896
id_jh9oqt4r06,20.82715390683575
id_s5qjht01ct,17.918735402658644
id_9jvayvxhsb,21.586650764079902
id_2ktyalo4fo,15.197443588287163
id_yytme869mp,25.24883949765365
id_qjy6t0mvby,27.549586375343463
id_vqx1ryf2ik,18.275108473729752
id_xlf2632glg,17.279982296332207
id_9ryn26zoyf,20.67441885543021
id_0bhupilpq3,22.101710336994724
id_3oog4p81et,20.29715500400841
id_7pwsq2822m,20.37649673024033
id_xco3eq9ewy,16.54353240452505
id_86pol7d8z8,22.341967818464767
id_4hq1smw4qm,17.10513085426899
id_mwm43tu1lt,17.216762881641902
id_egnnmgvz1t,18.178453785208937
id_ql3nhnzgo7,18.143510219691038
id_6yei7c05s5,16.481147349495323
id_37ncimqtl1,19.044838917186585
id_faigrj26mv,18.392912025269794
id_b8gmnur08k,20.087970335688684
id_uhkuycqlqg,13.565141982962936
id_hda4qbl82l,18.92389511851554
id_l81zesfyi6,18.25015053956281
id_8fw0qddr4t,30.263326436526793
id_3swlrvxi7m,19.343054896883793
id_2iq9tbz4bu,17.708775393403794
id_l3hzf7xam7,18.798522307247936
id_7yfs7z6re5,18.436071236685425
id_3qj7edycff,14.617638912767962
id_zz66kjwki8,17.75789025133346
id_836ugfrmfn,21.35971712397196
id_i7eew37mck,16.050284589140656
id_bxqgoacauj,13.949066773611259
id_0804vchmvm,14.655123313244108
id_o41hevo885,14.969039405312394
id_55ynsd7iob,14.523519491830251
id_xmnors3b2p,10.56929797541788
id_i0vim21vyr,10.035167032143507
id_9q4vgsr3t8,9.300685746796473
id_nzvtf8mk2z,15.286841737484853
id_qxhc5b04ve,10.146081218198658
id_bmoknxippd,11.417501561269578
id_y7pq8dp4ut,9.667601628558762
id_7ibql8i2hn,11.671411335379695
id_tbkdhkji8c,12.826719763280273
id_2xvazzddgt,10.422367154609402
id_vo6tjecx2y,10.827585326192017
id_td1i5lcg9k,10.288787661560185
id_ruc95ajmux,12.343565938665941
id_qruu4eejyy,12.51621513664931
id_rwz1uudt8t,20.193038532079715
id_do4asz4s0g,21.20382613235265
id_8zu910kppu,22.652040048472294
id_1s9nyk6u7a,19.56629602129449
id_r0ufs02ezc,9.211623898824879
id_hk47qerjv3,14.166523155860057
id_8qq33hqkxq,9.664562608217347
id_w1qz8bdksu,9.90721418570857
id_b2yadnldic,11.428635157205045
id_484yc688bf,8.639279866859312
id_5w25kqbc16,12.865033518354936
id_9n8atixf1w,9.116504202712141
id_5f8seqeob8,12.501152234453835
id_h0d3gkad49,12.459817069506228
id_g7kvipny30,9.43669299450036
id_hmwh1yqafb,11.308717298142613
id_xjzlyzcmgj,14.115149430997347
id_inhwqwpuun,13.956695366579613
id_wsm8a53caa,12.996438015449488
id_r9mlk12372,12.91193955232213
id_oisa8d97gd,16.514314825337458
id_6ab55sm71v,13.909916063854384
id_too46nmh07,13.893425045989597
id_r5m6g5ftw3,23.532235418930682
id_g6vqehwv9h,23.01919259193379
id_nr83m898q4,29.218877816912368
id_588qh1lkgp,23.34394075404203
id_1k70mcdia8,26.02185634551651
id_u90ok9v1g2,24.456685237144015
id_rjedrxh5ol,15.350198237721541
id_iznxqqg86k,20.33547030097999
id_r2nitpoo6n,16.236476356620354
id_qsf30wtdhv,20.39351163534736
id_1uv0ibuczo,19.61162129595645
id_80csjj6d48,22.03262835297135
id_n1g3zkow2a,20.133705330259104
id_qjt5kb3u6x,25.848060007914466
id_6e8d5kqq5q,17.851972544289353
id_wvhdr0r7th,22.022616326596975
id_x5r3svy996,17.168954990836884
id_o9ggz31qgu,17.992521984869477
id_gv60syhrk2,17.89919536850634
id_g3j3o1t4sz,20.297598296337746
id_laabpazmxh,13.565141982962936
id_eho4ay6smw,16.96776441835907
id_w8nvwfcpmm,23.607941553185977
id_btnsop89b3,25.547211564553546
id_0w6dn0yvk6,19.71031850008373
id_gpznwpt7ys,18.553622013515014
id_z23dyz3slb,15.200832082137874
id_2ojx7eu8qw,15.566274347474957
id_98t8cdz765,14.365222184517057
id_8f9m9dleze,14.356349486260195
id_oeaawvliom,13.73857336038908
id_ov5yh9unz0,15.564672632751037
id_syrmc724fl,11.802453531733006
id_wsfou7xddv,11.668719410906856
id_gdrcof729w,15.53792875615343
id_yyeq995o40,9.311108376463082
id_mhj0m6vsoz,10.652354561530174
id_d51371db4v,12.942034708224611
id_nrt1xvsex3,10.496371745570702
id_e0e2p1877w,11.034646313549576
id_ezhbu5sh62,12.385386772352707
id_c4pskc8s76,12.943136991486298
id_n74jn7d5ct,12.548083130703237
id_na1dwva2t9,24.814245101196583
id_4kvsbq5i01,17.67630867290653
id_f7jhr0tzyj,22.648749548314967
id_496ds7trwi,20.33028602998991
id_18o8y735s3,15.175629135256985
id_wcox1ibc1u,14.250194093264442
id_8mteyw4ej2,13.502368801780142
id_yhr9822dsa,14.327685563418372
id_kx6r0n5p65,18.144538925880404
id_yll8ps5xps,19.145174788636538
id_2ss6w9mkjs,16.710244879848922
id_dywpbbt1rz,13.802687387652401
id_2sovq337ib,15.275474953347182
id_hl6vkdm5f3,15.563006174177582
id_7rweve2gtx,18.06730356123377
id_qenwsj9ypf,21.89881053544872
id_7tr958twwi,20.628281437102125
id_4pss24du4u,17.8087679548632
id_pvxshz55hm,27.522316090125937
id_hwn7gj0gnq,21.987051514991055
id_34w3aboagp,20.659927371587663
id_slzxbjxpdd,16.51560911433365
id_s9fvyed2xl,20.018289599895006
id_ojo4ns7rvu,27.698526149456917
id_oukj9m9l5u,25.585856118023163
id_4dncovxwgl,24.518553725192227
id_lhn0wnsi4q,22.68271053091282
id_8qzxmyj6yo,23.335269952013427
id_2st0ywh4w4,22.254833307775606
id_32luqy63su,29.097210114147163
id_i208pdedfj,16.732185069770953
id_d77mj6yxxd,16.728490109543056
id_jh49madd8v,15.437084530972045
id_cz441c0g6w,18.92241693067522
id_l14us4afx1,38.79475028070592
id_cyjw5nlwm3,46.990321298975104
id_gzuqpix1lm,54.487052076212294
id_oew67rrlis,14.72038073044252
id_byzy2benp0,13.666091384757486
id_16qarvdtx3,14.693735685060403
id_uxi3qu4l8e,15.004530901561976
id_vy83bxfo5s,18.41632921551681
id_z7ibc788zq,19.145174788636538
id_kbkbgy18jq,16.466777188934934
id_4zn86s4tbi,13.802687387652401
id_evx591r7y6,15.275474953347182
id_g6ojnnx069,15.563006174177582
id_7zixl3q2bq,18.06730356123377
id_0d9a1agg6b,21.89881053544872
id_3xt09a0de5,20.628281437102125
id_jbhh44km3c,15.922021825713658
id_5k2iegwee6,27.522316090125937
id_gibzm0hke2,21.987051514991055
id_zl5phiqojd,20.659927371587663
id_c15wxxvb75,17.35486879630668
id_dau6fb0sfx,20.018289599895006
id_z9dk6h8cfb,27.111028596661015
id_uvaqu4nzmb,25.38750343354569
id_qpglm1d719,25.097140740449078
id_ct64dm03s8,22.68271053091282
id_is4l5fwjuv,22.201980590931843
id_vh0bwrobbe,21.65222038881969
id_b0mjh0b71o,29.463720796438256
id_0bpne8ucld,21.62808251597578
id_kvvjrrryc4,28.12409759442858
id_n5ybzqzepc,16.934020229384593
id_jaimxbu1pd,26.69043462439883
id_0l0w0orygd,18.29975811823283
id_lv55afmf77,18.453391066921995
id_tafpzgg3t4,15.068378189775256
id_tiipv7kgu2,17.656777923811227
id_kwiv66i7i5,22.52849826469205
id_nl69sct7fu,18.676637694455845
id_l74jt76ryc,21.000411466617212
id_bxgj47nybk,18.333418489745114
id_923xwmt66s,16.741937976452647
id_aq97mswwiv,28.96056795109185
id_4vrb5vlcz7,24.38490919978258
id_xayf6v05hn,23.337333832036396
id_8pk1rf7oxo,24.15975330105458
id_sq8128da6u,18.620796998042366
id_8ihfuq3i8d,18.775667468494735
id_87jd29uf6p,20.507344612339768
id_4xpx2dt8ki,23.58078245314924
id_hqpr9h9axr,18.715374525877003
id_1k55ze4pps,24.056268272991367
id_2znei70wfr,17.916556563184134
id_hey12d7qim,21.700648009791312
id_9hhcbap87f,19.733192722861855
id_lh2vl46a2o,24.00320989253975
id_yr2wo25x72,18.936801911374864
id_t52himkovl,28.776518860068872
id_7tvjar0eff,20.453827600368975
id_l9egn04p70,18.15803138317453
id_9mfp6fw6w6,17.601393225095176
id_aof0geeadz,41.89758097411066
id_p8oxssnqa5,16.337039419415518
id_thd2r3g438,15.572747803571913
id_8ac2fo3bzi,15.805143470874462
id_9ukm2znbos,15.934714076350277
id_8ao6r0by2m,18.6806895730647
id_hgrtbz1nsy,22.909254559325095
id_7dyx4tphmb,21.683310088056867
id_int2pnz27d,19.672441832049774
id_1gi9fmazsp,19.592854225774605
id_5dhzpnfsc8,18.47184782367504
id_olg30s5x5y,16.873173921886405
id_t5523jtnh4,18.591493858757524
id_vqcahchrt6,27.790681353908802
id_fk1sa9hbwa,21.66596742175379
id_ok160agwht,22.07058157739775
id_xu17k53yq5,24.83284367084092
id_xmzcqauw3k,24.241353009518075
id_aour5rgxfv,19.143496460901176
id_nujzd9pafg,32.5785662077035
id_icrv4paofp,32.82854103364453
id_9yatzebc2c,36.796095548669875
id_m6f7hnj4t0,41.49710981070624
id_1v1fi85h14,48.92293473486091
id_7sp5685ieu,50.537777329946955
id_03lwil97qb,58.085293636245616
id_rfko1do0hk,15.577080068236123
id_zbl8jgb2uw,14.90020009448694
id_1syuqnv0zf,14.908049031452697
id_505znfwne9,13.638718220750185
id_64xsijlwga,18.888091327956843
id_np7zxu024l,18.42030582586543
id_72gfwpdc4j,15.465477584305027
id_0cmp4g2ubt,14.324916665331616
id_e6wx5c307f,14.89311815721181
id_05luzgibct,15.931009274189162
id_13vd6nfqlg,17.29709652588042
id_dk3pcbei6n,19.84751643140108
id_b98ce0qkq8,20.61003340390073
id_dul45idm6l,14.898468331210942
id_t0xjo4dade,27.025808077256286
id_nk6tuv7y71,20.455556170129192
id_eg12ovcwpw,23.70197836303023
id_hlwwfh3qu7,17.05169491174521
id_kkhhupasf0,15.795465841303956
id_gnh3lx8tp0,27.116264926465465
id_k9sufsvlha,26.725007754483933
id_ars5keh0vw,24.415834788973346
id_r3gn7hnst8,22.512639683992127
id_asxb2wtleg,21.353294448755683
id_zbfwtwc0o0,20.70586338300579
id_y25nozzr46,26.004386589024428
id_hvslvvau3s,18.990285453002574
id_ow5f3qjobm,27.38054519235214
id_afzc6ul1wy,16.29947060648317
id_xk9bv6spi8,25.621268481708274
id_cd4wv6i21d,23.97634975367935
id_lhe7t7ml8n,18.802945990593148
id_0aj1mxix9q,15.821168733058629
id_no5yjlcm3g,18.166150439110563
id_bjvx3ng7q9,18.709655649681576
id_uvoli7jkk3,26.11611121915024
id_8le9qqlixz,21.468559317596103
id_a3jcz7fc27,18.037615276803347
id_793ke4x5e5,15.918717369302438
id_loljxr0mo6,26.825243759471718
id_0v8evpy2qs,22.040738757434042
id_0bmqcvks9i,26.529666177833
id_ug9e8wl8h0,23.660049662634965
id_aonmnfwfqw,17.664363561932642
id_9h7w4b7oww,18.547247673837287
id_6gxul944md,26.372623629583813
id_8y3pcwqv5b,21.689107446365895
id_6gvnwx27b9,19.456015264038097
id_w0zxvghizq,18.897448470308465
id_wmscdo85fe,18.49973985406811
id_pcqx5u6le6,21.658809149780094
id_xrbsdkk2c4,20.045618030163244
id_6smk5au66q,24.00320989253975
id_xmzhq3a015,19.194831982272472
id_ueml1oc6xg,27.598844506674897
id_tycn46bdt5,25.682340032163342
id_uhm4o38ksa,22.62217827747079
id_zz4zc4dfvr,21.004175880357717
id_3dps54vf0f,29.653064526830036
id_hp0ejuyv3t,26.13744151909947
id_qod41j7e0e,26.684283085213373
id_4s4s9ljllh,30.068039178494914
id_8vmswwvy31,21.813942853176325
id_hgbeyzbqa9,18.618712797365504
id_9eazgq4i93,20.369583689639477
id_15tfvndhja,19.428786486457042
id_akw3lvhlr6,19.545812810536916
id_pdrnzevlv5,16.230365445020055
id_k786vuzcmw,23.132950391294177
id_ii36qck65t,19.963085063194377
id_luo9wejxo5,17.160568146368373
id_dv7y922sze,17.350035370509108
id_zcs5e5jjv3,17.066270354094677
id_nl1ahmmrsk,22.581846986330383
id_n2j1w4zr7n,19.34633475598229
id_edhr3ruhca,21.12025535506335
id_gqpsd6uict,20.693869645331343
id_qowgzlfn74,17.479658878486376
id_qs2l2xtdjm,22.816129416407716
id_4lrdvrygkh,17.567652292266647
id_auybt6kold,14.6325084268007
id_ufe7g778jt,20.06041394169929
id_7324fwd9hf,19.775865137574858
id_sn73v8vz1i,20.082983017732616
id_ojcp5cpvj0,17.235464947932858
id_io2lx9odns,14.731563592564575
id_06zbl7jtc1,14.81348325353633
id_1ttiqk66yv,19.087923336364838
id_4pt0caxqat,17.993441614213904
id_ws58vo2yzn,17.186516271979606
id_tce3ozp394,17.895723428360633
id_q7t9b05o1s,17.566036985561997
id_awrm3qdtbv,20.413049836063713
id_la85j0outl,25.50999766826078
id_i6yqhfapf6,19.08746430889499
id_snwy8kzkae,22.12117008430713
id_6v79axy48w,16.224240392241615
id_4t3anhqio5,21.08342965498429
id_q74mccdm81,16.940964184029117
id_ikn6e0mpzz,19.92131113670271
id_v8txb18kd0,16.249245836486043
id_audlh8gjcf,15.411367734511433
id_zfs5kudqv5,23.223340605065594
id_rz81mldmne,15.638648235048246
id_h4oa84i9r6,11.857956189488345
id_htkc980daf,18.086266064120032
id_66wzrdbk8j,19.825395138251878
id_vq9e0a0452,19.873446682558956
id_atxrpetdw3,17.601393225095176
id_gtjn6hxle0,36.28601779532517
id_liqr0uwqrd,55.12561760827217
id_op1s93i84z,16.888605668084413
id_fz1zlhsz58,16.732185069770953
id_fzhszn9qgh,16.220976006001564
id_drhboq2o8f,15.805143470874462
id_67f2qgxjr4,18.92241693067522
id_o5nsm6bufm,18.649000057296192
id_fliahadafe,17.896731682934337
id_ljzcxva3j0,21.304368331667728
id_4fg7od0p2h,19.593509829809637
id_r0bgionrrx,16.793588690379963
id_5mrclq7yja,17.114837211667837
id_v6ji6xpykj,17.903112470776744
id_gzxccfruiy,19.25198293791495
id_rch18sl7fq,28.88240563112861
id_dycgsa1kum,24.790752895904596
id_dh2z6cu6bu,21.016111438746123
id_b3ij5seund,29.947492486792953
id_tziu881h86,24.009238650169078
id_321qju313s,18.812421037169585
id_dngcm1ubxs,30.365216123610473
id_vu0rtf6isv,36.46725233885227
id_tzfx3hbsak,34.572843695297045
id_9hkqfrhrxo,41.196673631302154
id_1s9fc94wwm,48.60880317639094
id_6l0a121qin,49.345888159233446
id_galqj45a9w,58.085293636245616
id_9x63i9uu20,38.86913984925012
id_n4mgwkvcyo,48.33282233757495
id_h9o1enzmn6,54.487052076212294
id_z09r8zdwpl,14.959935054718338
id_avet97ghyy,14.250194093264442
id_8xxxnyrpzm,14.816627441924785
id_5mzgmww3um,15.030021809846005
id_8vxge8fi9v,18.41632921551681
id_jnw9eiv9ni,19.06645346530858
id_gaui5cuwn7,16.710244879848922
id_bk4agfxg5e,13.802687387652401
id_5si10x4q6c,16.779793919816825
id_e9emj2d53x,14.331179608964625
id_9llllv5i9s,18.06730356123377
id_mndm12zy06,21.89881053544872
id_2pxml96i79,20.628281437102125
id_oi59maxbit,17.910475902152257
id_tf7klyuj5c,26.09256047283071
id_jf1h95hidf,19.428672333713234
id_4njytufcfi,20.659927371587663
id_2zbs60m1hv,16.51560911433365
id_kbe0e397n3,19.371931918231425
id_attl7s5eit,26.686501761920777
id_jyqg51mks7,25.975896491998405
id_yvtlt4qsb5,23.779734083529394
id_ququ54p5qn,22.512639683992127
id_b3olj60ip0,23.108814190137263
id_ucm77r7n42,21.741568956248273
id_i94hu4l2he,29.097210114147163
id_sem18a4eih,19.572488663643433
id_iu4c2k0vqm,27.677502121231626
id_jez7q9vvpv,16.29947060648317
id_0g0h5fvenr,25.583337687394145
id_leyce5nz7b,18.380078274252966
id_ctiuipzphp,18.453391066921995
id_ag7p6aauq3,15.420792186107045
id_4v2gdi94ys,17.63475313149578
id_oiz391vhbb,22.897844125092366
id_dkh1dm7jv5,18.676637694455845
id_xp48k28xsx,21.000411466617212
id_8hzzltjopy,18.393536212770407
id_jxwkemji67,16.681820253427354
id_9e6zoef7pb,27.887669235728982
id_kw3reqh73r,23.924409730317173
id_i3soe2f356,23.014248029774365
id_s3sjs08z01,24.02561227806148
id_wgstp1qsjl,18.160521022457484
id_c79996j5ij,18.775667468494735
id_xyptp35mvl,21.753863486114287
id_psuhom729k,23.58078245314924
id_pow9jv5ucp,19.24602933006443
id_6wvbbh34gm,23.57739687774228
id_dt7c3hug70,17.51379024690095
id_kc953hqc6u,22.47682909929699
id_j5p89q7hag,20.481989049471494
id_lc6edh3b2s,24.00320989253975
id_9spkaqz73s,18.936801911374864
id_3htqh6ssl4,27.10043096822064
id_zc1ovm5htd,21.557263683578977
id_w7wwg1utwa,22.437636423057036
id_25epdpbix4,21.98554590243046
id_vs0hncomou,28.5266884967283
id_reegezw0zr,28.387122871658757
id_f6x16pl89y,29.596700776425003
id_9a8jkl3m2r,30.438311381565928
id_hoz5wrgxox,23.037485188820142
id_5ziz8chtiw,19.139167989087266
id_l1g99w61j0,19.93964115865259
id_40onwzmie5,18.34981844391741
id_wplsrqbqg1,19.648775921198418
id_8zk238knxs,19.42355957843995
id_0u52beiaqr,20.28334506990689
id_g8dmi5cj2u,19.378473595663177
id_qvb2pi3nbx,17.11958300636984
id_9ocs33mybq,16.99571332408757
id_le65pdwgzs,18.397960110859966
id_kj6oinfm9j,21.528209096534468
id_tiqxiw34y0,18.46216381859851
id_j5q5ukj913,21.12025535506335
id_wfsqr784ue,21.336076629768517
id_19yb602oya,17.239809292920395
id_p5abbz6sni,21.935577720662526
id_sj35fk9ewl,17.567652292266647
id_asczdnpq0c,16.590319864057957
id_bcoprnh1dh,21.105974628964297
id_4hnps4a19v,19.35950397217294
id_slby4mvn69,19.653008294809347
id_fdcwmf2mqw,19.069275209548387
id_pc2ol1dymd,14.502254421123066
id_72hn9xr2mt,14.131652371594702
id_7c0tvcd4mf,14.948011036059505
id_vo7qco3vo4,14.12872275791549
id_tyda8qzu9y,20.309679263017554
id_qjo74p50vb,16.377289281082028
id_qftdjlnuxo,16.36681527080089
id_8zkhvf7knd,17.819030071187434
id_zjdfiws1ze,17.405862269736083
id_km0396cm8u,15.84248354594343
id_0zb66667qv,18.891702984641388
id_xkul5db55f,22.51105858801075
id_0882wi4vll,22.75688868434193
id_vyjoukh7a3,15.943873994916817
id_mgzj7k2c88,22.184226741572953
id_mj68hapwjy,16.668085099134792
id_4k7w1huz70,21.330661948502815
id_cc5r73bssv,16.414842661125274
id_lpc3qqqc79,15.220707698119064
id_dgd25e5l5n,21.616575190690256
id_2u5h8ssj8f,15.895045999980136
id_qekvi0qhbi,12.554455758672725
id_7t5rwbvncv,16.726580370749645
id_wip1lfenhd,20.453827600368975
id_c9jyqp5ts3,17.438804250147864
id_1uq7qu2no8,17.601393225095176
id_rhg9ghnbc2,36.28601779532517
id_iblicy6lwk,53.49411795956958
id_1dg8zj0o7z,46.35012070844145
id_ooylyenf74,16.888605668084413
id_b2y24168l7,15.66114217528659
id_4yvwmu8cxe,15.41289385560422
id_tmy3b6ts38,15.036586065607134
id_cbq3vn3m3o,19.37387049312795
id_8oqx4hgwe7,21.713982013545788
id_y5f8v3s580,15.596928470578177
id_6kf89wa993,21.683310088056867
id_h7yzht6wq0,19.160416648526297
id_95brnbo0jo,20.80629885800117
id_4hb5judkxv,17.114837211667837
id_xun5oyhgjo,17.383190093508727
id_kckpnat31g,19.25198293791495
id_otccfrhvvi,28.16036182499779
id_jn6u5c5cjp,26.578092997382583
id_v933ue7kf5,22.08715433323049
id_mc2i376rld,28.363306131512157
id_9r05mz0idm,22.93905395426583
id_3wfdiqgoxw,18.93206274418169
id_c1n58uu252,28.020624198052225
id_7p5lepxj6a,35.468312974433445
id_lrkr587gkp,33.66318904808858
id_mqv32adp5x,39.50837347689112
id_20korskh6j,49.94389382219748
id_78f1la773c,48.512583428548346
id_52juzapqcw,57.13079002402078
id_bwle5dl0sg,35.40905963698072
id_7jqcpniwxn,42.990966745067965
id_5jbtohx3rn,54.487052076212294
id_444jxq8ki8,13.564971936544465
id_fokwurehqu,14.20732752912353
id_20s8fncc9t,16.85042225274304
id_ifa0c3dcm4,18.848217859757053
id_bl23vucby8,16.710244879848922
id_o1949nqyfa,15.428812242026675
id_y3f4c5fs4z,14.731979030237293
id_kdox62iiap,20.628281437102125
id_r8f5l77m7z,16.839580324661114
id_6xieqd6sjk,24.663658590134315
id_g3poszpaqe,19.428672333713234
id_tv3dx937tm,20.79597989007105
id_kufhei9qi0,16.51560911433365
id_6xvj9dnlf9,15.866727542604144
id_977w9neez7,26.948704035018118
id_74zzcs47si,24.914196323380185
id_dkzrsecwur,24.073366835365935
id_fzaay03gtj,23.035124527244612
id_2qlkll1nti,23.65134140057362
id_dkxo29nkhe,22.254833307775606
id_8z4hu1lzg6,19.65585922021633
id_bketz8ikkp,21.5816352640973
id_qbn6ng2ro0,28.610498243212106
id_pa1p75uuos,22.67717507293142
id_hgfifx9q4q,25.583337687394145
id_kqxhxu0vxw,18.41196549095431
id_eso5h6en02,19.80219517911745
id_2jgdesoznn,15.22307291052964
id_q1prt1nt1v,22.478270709779267
id_bpey1bdu4z,19.65197627947441
id_0f17xoy417,21.395996564262862
id_benw0ms5bl,18.393536212770407
id_ovvvd62h5n,16.741937976452647
id_8w0x0v8vc8,27.387744079460614
id_sr7nmu5cq5,24.350844405739675
id_uz69dxquyc,22.684347435774793
id_058qup1czp,26.742159917396425
id_9xdm5pzodn,18.160521022457484
id_9xiabniu8d,18.783376622710293
id_e8ov3f0ec6,23.663699103686817
id_ztov1dasd7,17.033558534588217
id_u0dv0t4gc6,22.615625483249552
id_vaexseqp4z,18.07811986684136
id_g1f5h70z60,20.09582002503893
id_5e4jtn2k5u,19.66871241016893
id_ei0npa3d51,18.936801911374864
id_w73v97w9dd,26.845122128518224
id_d01h6zb0k7,28.362144092429062
id_hajvhq9a9k,20.295098136653237
id_wfej53asol,24.12856334906353
id_wkxp2kkhas,28.18586385318032
id_4nx3hdlk3f,27.01967724137607
id_tvruaym3ou,29.98437603335957
id_mdja9rpbvi,24.316443250858615
id_v3lg566peh,19.314855581513154
id_5a7one1voe,18.226890710297237
id_uzwhiiojkc,20.02576783497274
id_13zxbv2bo6,19.906915922036287
id_ex6nijku46,19.648775921198418
id_7dpkk65nit,21.043560949972363
id_g3bd1hun07,23.89379693525401
id_suwhca6van,18.80848057440551
id_nxc1tmyyss,17.365287723185684
id_eikgi2kr2q,17.381166141043188
id_n4o71g7yok,18.397960110859966
id_mpq671lkla,18.734190111789395
id_k8se7sutpt,19.493122555158408
id_i92idl2arl,19.633389321499337
id_5ingz959i0,20.54009896406499
id_bgw3i6wwpf,16.20445162154663
id_80ixty8tal,23.12835320348215
id_0a4e9fjk97,17.28470145799418
id_lbmmt6ea89,16.68183429950724
id_c3flrt1zuh,24.38963394774625
id_cvs2kktyxu,19.826900195485578
id_7mtozwwc20,19.653008294809347
id_dq086pe2mx,19.069275209548387
id_3oa251xapn,14.785765960713539
id_felfdwexf7,16.953029066601836
id_7e9nhjb559,15.26644892282207
id_yjzowwtt3y,14.12872275791549
id_kc77exs6rd,20.309679263017554
id_du9zmbgca2,18.043714752700605
id_j4jhp6ymgs,17.695958016144182
id_m5the81w7o,17.92858473196161
id_1s8k0qheno,18.83777213008622
id_b6q1wkhds2,16.327123966570866
id_cz225gdeoi,17.388208349071295
id_8lkvzskxdi,22.51105858801075
id_t301lndtpe,25.38902939631272
id_uzuzt5hcyv,15.943873994916817
id_6n47hvxwoz,22.631313947511433
id_294fhgybq2,16.668085099134792
id_pvdki2lfbt,21.330661948502815
id_5yosfti35o,16.414842661125274
id_tsf2ykay6m,17.87122090997101
id_pddkles1x0,16.22490412099337
id_ypzvugg3as,12.651367125484777
id_ol8i7nv30f,16.548038039413303
id_md132uwbf7,19.447125177450307
id_a8umfjb1ge,16.987079219206098
id_tcnlwhm6by,17.601393225095176
id_kvnb8ekvum,37.14437363519642
id_9jtdzf7kcs,54.7275891943432
id_li4wcjkc21,46.15992910186998
id_hxzxzh2uah,17.068745396235485
id_eccaetzkfx,16.732185069770953
id_z5lh6tnhu3,16.728490109543056
id_vg90abt8lg,15.437084530972045
id_b4kmym2z2e,18.92241693067522
id_ph0f1whio6,18.649000057296192
id_bn4murbtsb,15.514215803838896
id_mbkfsw8xc9,21.304368331667728
id_e2ybasubxp,19.593509829809637
id_6i3ti67p9g,19.199592472633327
id_bec40ri158,17.114837211667837
id_zacj6i063v,16.962215140716104
id_lol7o2igta,19.25198293791495
id_m2m6u5m8oo,29.034970416087614
id_g8kpxolorf,24.790752895904596
id_w57cuionsw,21.016111438746123
id_64x7iknxnp,29.947492486792953
id_umk48ombht,22.93905395426583
id_w8cmk8r8vv,18.931844874182
id_vj0wx6wbs5,29.223946204147452
id_w7sma8wi3u,35.57447500589328
id_oqmb5rhi5m,35.47287004518002
id_biglgqqok3,41.42434563011038
id_6026c6cyn7,47.434762414282595
id_ixvjw5pg83,50.00861711135568
id_qy2xteqn7k,57.13079002402078
id_37za3uvuvh,39.26360785138396
id_e1rym2u84c,46.990321298975104
id_85pjz4b5rl,56.17769859788295
id_4e0oh24nij,13.666091384757486
id_wcvcujkjfa,14.693735685060403
id_959hw03dsc,15.064439280061766
id_mfcbkrkwil,18.41632921551681
id_it7jxzllrd,19.145174788636538
id_8stz7b6m3b,16.466777188934934
id_6w3q8g9iws,13.802687387652401
id_w0ee2fe65l,15.275474953347182
id_fhgz7wzae3,15.563006174177582
id_w2rchmas4e,18.06730356123377
id_jmo9wtwu8m,20.548916353098175
id_uerluxmuy9,20.628281437102125
id_22yl0qw8q4,15.922021825713658
id_a9oc6x2g72,27.522316090125937
id_qbhgqc4yet,21.987051514991055
id_rn6vcvicw5,20.659927371587663
id_ytcdi9ix3q,17.35486879630668
id_qzfdep9u3c,20.018289599895006
id_33pv489fe5,25.95193055739774
id_u1gjjizqyk,27.83867484203053
id_w4rf4iv383,24.18352757261423
id_3zb1zekfcs,22.512639683992127
id_ertzpococf,22.201980590931843
id_y6ouxkmf0e,21.28788728998086
id_q4dvl9exoc,29.097210114147163
id_imi2dyvmxc,21.62808251597578
id_8flbm45nba,27.677502121231626
id_0d93zxtus4,16.29947060648317
id_xfxo3cb3tu,26.69043462439883
id_h8j2nrpseq,18.29975811823283
id_4gw4m9unp9,18.453391066921995
id_lbql83v1pa,15.068378189775256
id_18r3kupks1,17.63475313149578
id_bz3fcm9azs,22.52849826469205
id_vxwc5l36hb,18.676637694455845
id_1m3ayw8orl,21.000411466617212
id_n7s22ti3u0,18.436381600406616
id_7ml18gt65i,16.741937976452647
id_pu8pv7gwz2,28.96056795109185
id_ru43es0zjg,24.38490919978258
id_n2y5dyb90j,23.337333832036396
id_v6dywtd3ti,24.15975330105458
id_gpm9b55dkf,18.620796998042366
id_envkemqd97,18.775667468494735
id_rm0pa4kk4k,20.507344612339768
id_s1qxkd8ot0,23.58078245314924
id_bwv1d5pcax,18.715374525877003
id_cvbktrmvyp,24.056268272991367
id_k4zxmef1ve,17.51379024690095
id_0zwlyfwhg4,21.72803277268735
id_61jelkjb5z,19.733192722861855
id_pipj3ap8ak,24.00320989253975
id_84xzjh13pi,18.936801911374864
id_zxct0q3dqx,28.776518860068872
id_5vji53n55u,21.557263683578977
id_7mup88cw2n,21.27533924524506
id_fomq0iryjd,22.00886443337364
id_5mq14kf61k,27.849165405168613
id_6tfrbtojwh,27.01967724137607
id_p1syd1j82p,30.872220628811796
id_2efu8wsf0t,22.250817948647935
id_nf6oaj6hmc,23.037485188820142
id_6szo04nr0p,18.61633535929894
id_k3zqwshvxx,19.93964115865259
id_xb9tzd4tni,18.34981844391741
id_1g1133mxj0,19.648775921198418
id_l51e1wtruw,19.42355957843995
id_qgc87e79ko,22.365694365888643
id_2efd5sv0eu,19.378473595663177
id_93di8172pi,17.03487140465332
id_b8vvdmeitn,16.99571332408757
id_ci6fg1tigr,18.397960110859966
id_c1zgt77fyu,20.30205575494365
id_78t3asrjbf,18.402046095573215
id_6oanpv3bs7,21.12025535506335
id_zdhxor1yx9,21.336076629768517
id_hjug95reos,17.239809292920395
id_q5y6b2vxi5,21.935577720662526
id_lmmep6vt6f,17.567652292266647
id_ur485xrowj,16.68183429950724
id_yh8jpakk4u,21.224395458807745
id_xfom70rd8q,19.35950397217294
id_cx4og6dawq,20.072816109049135
id_bxqjc4lu8q,18.3436159300133
id_dfkdged93h,14.502254421123066
id_wpc07nnnn9,14.2781507388182
id_9xhx7zdwqp,15.356951809029564
id_fkcu4ryvmb,14.81348325353633
id_iydvhqnjpg,20.04144605170325
id_xfd5bd6mbb,16.183494615283262
id_pnfc3lxqxw,15.864384053101949
id_2fi5bq6vwj,17.819030071187434
id_6viyil1331,17.405862269736083
id_5gwjmv15on,15.84248354594343
id_76bk0rtwtl,24.688397932943634
id_f60ku7tfev,19.83364652553705
id_h191utquex,25.05570663360103
id_wi04z29d3r,16.753327007611155
id_fbntyg7wwr,21.95497513842712
id_v3zrqsqzxo,16.668085099134792
id_bw1b95righ,21.847102128581422
id_zp9ylpq5fk,16.292492860299753
id_t0g20s1n6l,15.667755188352427
id_dktjg2pt79,21.856424776256237
id_mik9bcfz5g,16.028915639052176
id_t7ahyyqmpl,12.684803632230269
id_mu6p2nd1yv,16.548038039413303
id_lff5hw3ol2,20.453827600368975
id_a4bm9lp96l,18.15803138317453
id_8lqfepep8r,17.601393225095176
id_i4y106oe8m,35.594566146848116
id_w6kanjj090,53.49411795956958
id_6oi09e06us,41.89758097411066
id_3w6yxmo14o,16.888605668084413
id_g57cpderdh,51.601201074511856
id_ss8ixmpjdu,13.507042093059765
id_8v78f3tzgd,16.625950760457222
id_1mnkwpnpkp,14.20732752912353
id_jxl5nffktz,14.796603558098091
id_k4hums63fu,15.368247431771561
id_cb40n09vwf,20.53498348044688
id_ojvdj9l7ir,16.25726832550311
id_8xzd5q9b2n,26.13381377675471
id_a2oil7cfw8,22.090014625652557
id_3eb707sqy9,20.659927371587663
id_fqpoallv5t,21.502421254995433
id_a0lghu0yk4,25.585856118023163
id_2s5h4jyu48,24.90815906979186
id_tfr1w48698,22.66511653315059
id_jw7cwte35h,23.107946696837622
id_4myw2ppn88,21.800106800172998
id_nu2j6ezn8a,21.136585312131505
id_1pi7rar7w0,31.399651920586223
id_lp1eem68uu,17.667562704145887
id_i59r7imuxn,17.63630336379843
id_jfhvjfzvfa,19.519488046690594
id_ozh35h3nct,17.671626134122768
id_cf9woqagxi,17.83889509847547
id_4pbhg788eu,19.3631677403118
id_xqnx58hv20,21.000411466617212
id_g7e6fyre5k,16.681898471391506
id_i5kwutfr3y,21.360038732511075
id_xl68jb742r,23.337333832036396
id_dcvf785h1y,24.15975330105458
id_n38vpdzrl5,19.897242464380067
id_8520840u02,19.09255117574949
id_27mp59yu1m,18.603251466890388
id_1hkqlxmn2v,20.492012171293744
id_053nn3pbfz,19.66871241016893
id_h8b77jfadh,21.579626692961952
id_ohfvgfke8w,19.01774022972092
id_i89aiadf4j,28.776518860068872
id_dczobb4ttq,17.66456115694994
id_xu9ib17loe,21.965940579702234
id_i9njn3noh7,27.849165405168613
id_90v0etup0d,27.01967724137607
id_9p6b0j3eu6,26.18788230305202
id_xbtp6hvq7f,17.22729083088021
id_4p48d96fhm,20.5083330868328
id_34ll84rx9f,19.33401154255336
id_xvk1eas2cj,20.109099025150776
id_u3byzh8on6,17.03487140465332
id_9mmhnd07no,15.953835401837088
id_tf59fmc5uk,15.93716969092492
id_eu8lfqr566,21.935577720662526
id_quspwoer1c,18.242410439395925
id_1udgdtpt4j,18.198997321358412
id_mp1wgahaac,18.511653833384873
id_ah05rwmnc0,19.100416691671516
id_99pzz5yuak,18.36378053115779
id_sts4gl2h3h,15.240867973153911
id_wkw4zd0vo6,19.790627016754705
id_42mzemmqf8,16.191503120381178
id_pfup6tmwcc,27.27827077039377
id_co08yelk6i,17.5078242541036
id_jkeoakg1zs,43.03949136227466
id_tp5jxexuje,52.32544623138764
id_21jsagai52,41.52494761198339
id_5j5wrd0r76,48.35342854307231
id_jvc6j31d7r,44.58091944392627
id_dkv9vzan2j,51.96418576651478
id_ng9duxlksi,48.11810723510874
id_hafhcdf5fe,36.46738349883066
id_1ccceino2g,43.03949136227466
id_pkszxukfw8,48.54578260166086
id_41oiry183k,52.50112006464801
id_sjd7rg1oll,40.901246966963406
id_364xgx2f9d,48.66626611050932
id_fy2bmhco3s,52.52151207424644
id_irjroluzw5,43.613035801248245
id_cfcgnt1ghb,51.59510549827756
id_4ohuy386ux,46.7219598821177
id_ny7vfafssc,34.04661752524388
id_axh2ddc911,35.97709439320447
id_29vkc8fnf2,52.98601615695559
id_jhqjrinix0,48.317638143808935
id_n5se9alz2t,34.04661752524388
id_f67k2oy6ky,38.0793896054468
id_cphmkwhhm1,52.98601615695559
id_ju5045k8te,45.43417060347293
id_lx8g1rejy7,33.64274089642853
id_wh6a14b72u,58.538870109140476
id_2gcokul8h5,52.98601615695559
id_zuwn8cdmpg,47.966988579339926
id_h18pxnwgaz,31.619619373432016
id_wtahd5vwwm,40.11580807681751
id_07q159o6c5,43.98686460631103
id_kfb0js1w3k,44.27722508657724
id_z6dnfzl23b,32.429297536533305
id_ohyxbff88h,35.22890804729293
id_dz40i4pbqo,43.9471793712329
id_j988bph6z4,46.09546335153472
id_ws4odrtze8,32.429297536533305
id_vlpyl2jer5,57.28046016080723
id_5qffgu5u3n,42.30152635842378
id_7bmurid7pw,48.11810723510874
id_z2s38nz9hk,34.81671083573558
id_xdcw1447i6,56.915779481477706
id_c530clrtlp,53.16705048115121
id_aumy97t1iu,48.317638143808935
id_cv1dq53hzh,34.39726708971289
id_c9cycuvetl,37.81988626726594
id_8xu1ardxni,52.5253929668223
id_9ky9s3jqyp,37.34778524099783
id_ohpg2cpkpk,42.020932812890884
id_s13clcy2o7,37.17937749191809
id_2h4f3oh33x,33.315940964614285
id_lzsgsz7nuf,34.44720359847827
id_gnfl6qhq2v,43.74732352168332
id_izavvighqu,51.73435351292981
id_1hy6gjm6kl,69.71558920497542
id_8xhlkfw0vd,23.297619160386102
id_n02h09aa2y,39.54323186557075
id_jjreek4wj9,45.04390572495835
id_x7op0k35jb,26.118769366586196
id_m0rro9r1gv,20.93155221902599
id_5mk7jbh470,46.837109462099185
id_y78kz2lj7d,36.32472835464465
id_vcfstyofl7,32.2983608958534
id_yog4iw8i1o,55.996689205632286
id_1k5akrmzgv,35.80425932671971
id_zytuipkh4s,55.559893959292495
id_r0jik026d1,43.534464083522096
id_4l552ar61j,50.26692268816489
id_pv5p2rds8o,64.06042921333942
id_ks7ucfmf06,57.25133564236395
id_15cuw1it4j,56.88982648159202
id_kfgdu8dkqk,44.0182761397983
id_aa4sqe4emy,45.50892527925936
id_753xfgjvu9,50.00035244379775
id_lpvtn9w0zv,56.84943867893317
id_7asrrizo0g,32.92513352550996
id_8bwlfohvu1,55.118503864489526
id_touyxi6cd9,21.7942480723444
id_fv0z5li929,21.483949824458502
id_1rbmh121yv,27.199300766935536
id_c99mmbda9h,37.82102582955578
id_amvzqnr8uh,22.54229299416934
id_vd8i2z3hob,27.345857588167036
id_sq6qs6ygpd,37.25498654419768
id_grfpl7lzzm,30.57887259727335
id_rqzxw5tozc,29.695141486554743
id_74zv2ut2b5,43.58290636195543
id_je1zddxbcz,28.71710917457171
id_p1lsa0r1uy,29.8334306167517
id_466f3sjyaa,25.683498282773787
id_6bji5k248v,26.48726707807291
id_xmf644v3gg,40.415485472969834
id_7ww556yt1z,33.05506262142393
id_1kv2mm53gl,31.16857279170608
id_gogfzwk8d6,38.29266926554494
id_4ijyknjpyw,43.309218289974886
id_51yb1ejvyp,52.33257036446438
id_01xma9jtcq,50.52352304684711
id_b4c2qvjsq9,45.089552234642575
id_eo46mly8qt,61.22833540615945
id_o9paw0x3kv,42.13956112002734
id_rmptreswq4,59.94975546470216
id_t3b2vd5gaq,63.89276755541984
id_ako3197fah,43.43291807202306
id_nprrbmfek0,35.889589778911386
id_bmxffkemr6,40.693064878715695
id_w7doelm7x4,49.873232241651586
id_8z87l1y49i,45.250304692208964
id_ebkjvn720n,33.25347523700898
id_tc14hgelz9,36.45449673126165
id_a574b55rgm,37.942591491752
id_dz6m95a6g7,19.41843015045553
id_wei7m8hy0n,25.080240523188507
id_hj9g1ena8l,41.364637264567115
id_hxkqt31oj0,39.597386660719756
id_j9xr0ullvp,40.87931856267329
id_dhxexr0nl8,26.49786318312417
id_thyiz3erhs,36.20250817239472
id_vfer04eoj5,21.92549392980543
id_dtjlkdb6na,35.991191589359815
id_wjevf26x7g,32.867547421302575
id_js2e45rmts,33.98563699677741
id_h4sopez1xq,21.958088529978745
id_tli2tt2lre,18.064567258228976
id_nml7r1ihuo,20.258850762585592
id_dgyrdg3c7c,23.915187706326545
id_5xl1ofkel7,17.303327858331127
id_s9z5qdtsok,43.56546522789661
id_wzznck6hr2,45.76068120836913
id_2jrs4cf50t,19.746130821610468
id_zr9i8iyl05,26.889892510453556
id_ywr3489vgm,24.765985860352078
id_40yosi6uqe,28.361476011825143
id_hvj85b4s27,21.94663584739253
id_ve7iodkk5x,36.61925681503066
id_prcsjcgmvr,38.97157721029742
id_urporbfca8,40.9087615085184
id_hnh9veqj44,21.672168599014825
id_66ujv86e23,24.189794644721143
id_op00lvkxjn,23.92783337950041
id_ng6gkjkewg,21.69205732137536
id_u3q353kzgc,19.13583208035251
id_ykfovbo3gm,19.649774022462545
id_k2wnuw9gop,25.015759451922158
id_n742fvx1ah,23.12383699897329
id_ecz5hhz0iz,28.64550605920994
id_t3tupepv7y,28.110329764857628
id_jxivfqw95m,25.678723607820526
id_e8kgwianqu,44.81962876203106
id_kkxio9kyth,58.63743897034544
id_x6q1xzuux5,49.72571246378146
id_ny3rzr8dw4,37.96352859226091
id_0h1a9dhuum,20.688837745618947
id_9cji7mh5kx,23.960927331612623
id_pgt8lf7tci,24.30445852288181
id_9xwjmedzm3,23.85375469200104
id_lsjhv6dlig,40.14144497237617
id_5ei28dib31,24.10307941512396
id_djt23iw3mp,31.717389715248437
id_m9oojav91p,37.14087798465909
id_oivxgblcp2,24.53350615541954
id_0kdvltw7vu,33.471552879187094
id_6w4ajmwc5u,27.695464688092585
id_urkooowq9s,20.871308417221762
id_zj9z4qj012,36.317840886172895
id_8ziogga8ul,34.79375567769753
id_3p9o92k0y8,27.182222762867436
id_nys5746v2q,31.431522572820334
id_lfeylugwfg,46.78360891517972
id_doohdtcpi0,51.27127200055935
id_tazjayaiyz,47.00285008851933
id_zrpmkxoezw,46.42062628256775
id_6lcd3eygj3,62.96163174577329
id_63ls321ztz,47.130517124116004
id_tkciymn5hs,61.039145790511476
id_kasmldlvq9,68.13256395502388
id_zcw88t7w9n,18.240136733051504
id_9gqyxg4fuy,20.625376861026805
id_nqkrnumlsr,21.677824736535484
id_vwov477zro,17.566190971922087
id_k8t4robso6,37.06318535760903
id_9574e2s4iv,45.300412499390184
id_g6sz61x3ui,35.25291591209345
id_65fdu115yz,23.12241314841133
id_jvvhzyikro,29.60964112153063
id_mjtm49jd0e,40.40046160693915
id_qisen8bs9m,24.207654741033814
id_4qcwh32n38,24.888091932606155
id_a1jgk8addq,21.276714005405125
id_c9l6rfivhx,24.81521973060399
id_ity62l2ixr,15.810077300671061
id_b1kdt1v6wk,18.39422695370419
id_31slek226d,25.100543861597583
id_r5hynclox4,25.0648055004891
id_1zdag4te8b,27.022122424795008
id_qmng1j2b5t,19.681081884275198
id_gvsxbrs2ay,45.844577946926215
id_sqmq0975df,61.471531660829676
id_7rpimassqp,43.93985567299482
id_jlbv1pe7mw,32.977085754817374
id_eoh9eceljc,19.322928819487213
id_or8005ins6,24.57148732262595
id_5p0q5jonr0,19.287361494623298
id_qjskvygs4l,24.476226060295858
id_gckh1uiy17,40.71926656615959
id_8uh4onl5v8,24.966515256132723
id_46wh4sy9gi,38.05716220697052
id_zd5wtd5tmi,33.67575427910621
id_8tax5ieqth,28.514107678411072
id_ouo0ii1gd9,24.53350615541954
id_ofkcbq4gav,41.47171563442126
id_yak2zy4o8d,38.85364714597692
id_lmj3zlydl1,33.98212226093933
id_r5cm1bhxkl,22.122803581970643
id_0zbo52y2xz,30.896722390293576
id_obd90peb73,36.126546004624494
id_yubp5ipspp,34.01091057032505
id_q44cbuudsn,31.20694343536066
id_kav1f2lb2r,43.67276678787954
id_gxbkwk0iez,45.91550580037552
id_ek9x8hre7u,53.57615608212543
id_35iwrmt1yx,53.70839019519792
id_mgt3ob9nni,46.795207373216584
id_389jy0txmq,62.07697111376104
id_fpoz5ozfg7,44.928015607494714
id_hygp8jfsb2,60.43245587024819
id_tgmi1f70mf,68.25136584554738
id_1mrr0piel6,18.463354420020387
id_8dlgnof1yt,19.01063620776726
id_5veb3455kk,22.287916960753176
id_0gw6p17v8i,19.113429697467954
id_h21k3oibhu,42.67771599445142
id_onax36r19z,46.7896228598681
id_kf6alfal6l,21.12879430463185
id_rgm4q6o0n2,34.8113180692835
id_051ag5i4ha,23.966080776880275
id_03ajztlcgf,29.745075720089226
id_h1gdh0ctos,21.131700698653535
id_wea0tzo38s,25.419912726744826
id_d77c6v7xlq,40.004469371658246
id_o5czlw27eu,46.51278233563472
id_z3b6rgvygb,24.74003354716417
id_iwwln55ll9,23.375204283440077
id_ctyaqjhqq3,21.882154728724142
id_lcaeji5kvm,23.12551797041704
id_4iuroyo095,20.157435989430756
id_hwhg2nzcn7,18.39422695370419
id_zfyyzm0tfl,21.680358521140885
id_aks304uagg,25.816312724289826
id_5muf55bxe7,30.345841107642904
id_u5iqw2tz8v,18.432977286619362
id_r871vcfbl4,45.21565445214885
id_ata3d9u9ij,56.92852293533351
id_oaaxhllgnf,49.72263810219196
id_ayhykhxv08,32.977085754817374
id_bk5kqdpcvl,24.97874375174285
id_fa6j0h18yu,24.619438702453827
id_0hpi956wos,23.10697983064939
id_6llaal44lz,26.579696477149835
id_dr24ka6xxv,40.92462724928782
id_zova02slaz,22.54229299416934
id_4aa970r08o,29.754738498781034
id_5v2k81ndi3,29.47726746204142
id_w0w2t7llmy,28.344718335460744
id_3v0pkvcpfh,29.118168185418142
id_5jyp9jh31b,42.46553744570441
id_s851gktvnq,23.966944114400302
id_0c31rjprf8,32.222809944789525
id_iclf8934dw,32.283482810987394
id_i0kzmw9707,27.287171075801446
id_mh8gne9yti,37.402380966969616
id_ztrwp444jx,37.17937749191809
id_7pzbvg9uxi,27.7104098670947
id_zyh4qgghaw,52.71870287659547
id_tirnjget2u,42.05344183754594
id_f89ptvm1ms,51.53235472139949
id_0h4f1xrjyj,52.024008105907726
id_rbat046yjy,51.494266024937936
id_lv893wwhs3,61.0089403397088
id_sgt84ewftt,45.95168202901316
id_hbt3rrighm,60.404590186580585
id_gmsjw4fd0u,69.56073004504438
id_snv67pqv74,21.980472860696786
id_9htd0dd4o4,19.144057995537764
id_wvy11x9u8t,17.258321760042794
id_biytotjie2,26.44749544262644
id_xtb5hfw6bd,23.20111472281927
id_65l5hak91b,24.986909870584704
id_16p4qjzi91,26.02174389344803
id_bg7586se6s,21.910412527740323
id_s5dy4d934y,46.837109462099185
id_6o66xnm1yu,59.215544672289774
id_t6381wgsi2,50.1105254113971
id_h4j7gdpygc,24.619438702453827
id_0z5dftxu4p,25.561962914266477
id_0l3lpe7b09,26.998277562844216
id_5y5tak334a,41.01218679807751
id_ffpap9n3bi,22.800567972240213
id_wlrkf9c15k,28.755055538019352
id_i2rh9ih3f4,25.25032920311488
id_uqm3krxam7,28.012222275369858
id_3iwa156mvm,29.633460963275468
id_1lz3s1bdxs,42.02748202905728
id_jmqt01idjp,26.530690955258923
id_8gb7nw0rmx,32.222809944789525
id_4xwo0p10w6,26.364409030958257
id_m5bwlzsq1q,27.722786038287328
id_z4d44hh4z0,40.14642852123894
id_pmh6yxhfva,33.78860870433203
id_35d6qsok4a,30.468679778072588
id_77htjr9yc8,43.85559887033049
id_t8vdruehat,41.01404872267698
id_jckj5zjs3u,54.843839006973724
id_uifln55ls5,47.57067396827077
id_d32frejzqm,50.42580371245203
id_mxkrqowab2,61.6295864605504
id_fiygo06opn,42.46970336766367
id_o3dfdr4sk8,59.94975546470216
id_akv54mqumg,69.56073004504438
id_ihxgrbq8bw,23.248311741723576
id_dg6s4fhiwe,32.72717219662792
id_f7hwwtmuzp,20.54875936225552
id_hdw320zpls,22.699437857826865
id_wnxl0jyxdm,17.339059082702896
id_irr46cfvrz,39.27732643885927
id_l3lg8y1tar,47.99749059029807
id_9bzncgu7ap,21.424288152948304
id_tq8gz80e59,34.22704797995585
id_gouch6j71l,22.53206507077814
id_gvg6pup3v5,28.851236785672693
id_xsyh8m7o0c,20.799624607064317
id_hsr9nym75x,36.61925681503066
id_kk2mprzws5,32.57826342835767
id_zztb716ruj,44.48310788033174
id_nc37c47azq,25.139347804645563
id_aq2zwrpazm,23.62569515041818
id_1if5noe1b4,24.98900047480185
id_i8ez1ppqtt,21.25908214427979
id_1gzede3sx1,19.12758751134163
id_c0cjjirgpf,20.161986924675613
id_y3cgdjsgq1,25.310688368706323
id_hqfk9eb7i3,23.238820357157415
id_heuv8vkjh4,23.15599722238571
id_fcoot945yi,27.32897493940711
id_q51pjcyt8q,24.762828339012785
id_iaz7r7qv9z,45.105254132895745
id_exdub9ncvr,61.58289627911971
id_y8ho5r6i9n,48.52533643750645
id_ioese5awdg,34.30999102984194
id_9ch9qgghhp,18.941005754833963
id_867am351jy,24.619438702453827
id_sf4b9w2jdc,23.10697983064939
id_vsa8h55f8i,26.96287729576016
id_xbgzqf0szs,40.92462724928782
id_15v5x12fo2,22.54229299416934
id_gxgs0b70cv,30.255312604236533
id_g13m7fp2dp,37.34778524099783
id_cav3ox8jtj,28.012222275369858
id_vhu174dncs,29.274825238670147
id_o6tcsfwljz,42.46553744570441
id_98jqgum8n2,25.726267489431237
id_m9og9r3r2y,32.222809944789525
id_abn9ddpwtj,32.283482810987394
id_4zxljdntpc,27.287171075801446
id_y6howqrmjh,39.89440030378952
id_5ke4foxu8k,36.85746359258391
id_hjqgkm27l3,31.20694343536066
id_f5i3m6wxqj,40.68773755091844
id_j8hsu09w89,44.2253744979647
id_czurwxut83,51.27127200055935
id_8bkmhgqh7f,51.594582352749214
id_yz3ljcsheb,51.494266024937936
id_gix31lwz9r,61.0089403397088
id_vsz8smmdv3,45.95168202901316
id_hg0e7skz0t,60.404590186580585
id_esawyovxf1,69.56073004504438
id_lcbe5mxkum,19.26063943936719
id_4fe6r13wal,33.056385555333534
id_ijzj8r2su1,22.403802018624262
id_qd11jjsx2b,21.561385942384536
id_b47e89k3ve,20.399401719946805
id_7mb9t9x9tu,43.36811245493125
id_mvbhi84jmq,46.74419178606446
id_3yqqem9nei,18.315845380679058
id_ivvauoj9x9,22.387260235556774
id_3jy613lg44,28.851236785672693
id_m91x6rqccu,22.84516300493385
id_8q076jp0mr,24.53222688038823
id_4zcmj012is,29.936217954115403
id_kpjiqdh6zr,23.20357192378622
id_dfajl055xn,23.077480671333724
id_yo72un0uym,24.716839342146613
id_wa7g7cyrfb,19.144057995537764
id_c0600luvkg,21.167329165134987
id_55u72g0c0l,26.44749544262644
id_efc4gex2lq,23.20111472281927
id_cdwfcwcj48,23.15599722238571
id_yc1gty3xqz,27.34571231857765
id_ovpfocbku2,21.910412527740323
id_prz1am7w85,46.837109462099185
id_ss72nbk35w,59.634719365469856
id_n5jqluy02q,51.53348222460971
id_msz2inba0v,33.284048013484664
id_frm2rh8uv4,20.183577109731935
id_c7mps6h2ft,24.57148732262595
id_j8yje9gqi8,21.33095187655947
id_vju59tgxzh,23.22149080732884
id_pvs9bs83s2,40.35594910042814
id_qdivis4t0b,25.315132397381046
id_6ihg5rmjar,38.05716220697052
id_enahmr353n,33.99256931821943
id_m5la6rz5vl,28.514107678411072
id_lyc6fznfhn,24.53350615541954
id_u15ftwfcl7,39.50639953307835
id_mjaugtu77u,37.54088285483019
id_h1bl0y44h5,33.98212226093933
id_ixfnpr6f21,21.690423751387826
id_37e3n0alew,27.045318370519354
id_mj9599i7yu,36.126546004624494
id_aq1df4iqdu,35.64284737573293
id_2e5mcgpio6,26.375352635386633
id_o99bic4pl9,43.31659363350167
id_wee03f0g34,45.91550580037552
id_ebyp7dsb2j,51.85612608799219
id_e1pr3nswl9,55.032343990316136
id_20jn6yzhpi,46.795207373216584
id_ja9p3oi1ln,59.86083962745526
id_ha9378tgsl,46.01006178433215
id_sm9fmjwje3,62.62824691946413
id_pq1s2kq7qs,68.25136584554738
id_yorywxet0a,18.564447366128572
id_9rhbkh8kye,18.463354420020387
id_oh2pg7ik9m,17.598568734987044
id_pfcdhqpggy,21.936099714606357
id_rsbolu1d8s,19.113429697467954
id_1o41vsdb40,39.680053714064805
id_bthds7exkp,46.977999846128505
id_u2lx4hcr19,20.44788355644738
id_vt2seycroc,37.55583992635242
id_ev3xsimi3e,23.966080776880275
id_8wsnxwqlaw,27.099166491403142
id_jhks2agjzh,21.131700698653535
id_abc042gxa9,25.419912726744826
id_t39ajz3mpo,40.004469371658246
id_7l7bqpd71y,43.50817270984829
id_k9uhbcg8zv,24.74003354716417
id_kf067ifyeu,23.643212050719768
id_6axl9l8y0y,21.882154728724142
id_8gmporna5z,23.12551797041704
id_a4bmoty06e,17.312334537516147
id_czo0d13gtz,18.39422695370419
id_co7jt5xego,24.896319490449507
id_2x6lo1wgko,25.816312724289826
id_9wjap2et51,30.345841107642904
id_8lap7ve7md,18.432977286619362
id_xrw2te1q07,45.844577946926215
id_ef9regkoel,56.92852293533351
id_u4t0meqqix,49.72263810219196
id_u5xtrnbshq,32.977085754817374
id_fknkdrl6fy,24.97874375174285
